{
  "credit": "Made with Blockbench",
  "texture_size": [
    32,
    32
  ],
  "elements": [
    {
      "from": [
        14.5,
        4,
        15.9
      ],
      "to": [
        18.5,
        5,
        16
      ],
      "rotation": {
        "angle": 0,
        "axis": "y",
        "origin": [
          9,
          0,
          16
        ]
      },
      "faces": {
        "north": {
          "uv": [
            5.5,
            2.5,
            7.5,
            3
          ],
          "texture": "#1"
        },
        "east": {
          "uv": [
            3.5,
            7.5,
            4,
            8
          ],
          "texture": "#1"
        },
        "south": {
          "uv": [
            5.5,
            2,
            7.5,
            2.5
          ],
          "texture": "#1"
        },
        "west": {
          "uv": [
            7.5,
            3,
            8,
            3.5
          ],
          "texture": "#1"
        },
        "up": {
          "uv": [
            7.5,
            3.5,
            5.5,
            3
          ],
          "rotation": 180,
          "texture": "#1"
        },
        "down": {
          "uv": [
            7.5,
            3.5,
            5.5,
            4
          ],
          "rotation": 180,
          "texture": "#1"
        }
      }
    },
    {
      "from": [
        2.5,
        4,
        15.9
      ],
      "to": [
        6.5,
        5,
        16
      ],
      "rotation": {
        "angle": 0,
        "axis": "y",
        "origin": [
          9,
          0,
          16
        ]
      },
      "faces": {
        "north": {
          "uv": [
            5.5,
            4.5,
            7.5,
            5
          ],
          "texture": "#1"
        },
        "east": {
          "uv": [
            4,
            7.5,
            4.5,
            8
          ],
          "texture": "#1"
        },
        "south": {
          "uv": [
            5.5,
            4,
            7.5,
            4.5
          ],
          "texture": "#1"
        },
        "west": {
          "uv": [
            7.5,
            3.5,
            8,
            4
          ],
          "texture": "#1"
        },
        "up": {
          "uv": [
            7.5,
            5.5,
            5.5,
            5
          ],
          "rotation": 180,
          "texture": "#1"
        },
        "down": {
          "uv": [
            7.5,
            5.5,
            5.5,
            6
          ],
          "rotation": 180,
          "texture": "#1"
        }
      }
    },
    {
      "from": [
        2.5,
        10,
        15.9
      ],
      "to": [
        6.5,
        11,
        16
      ],
      "rotation": {
        "angle": 0,
        "axis": "y",
        "origin": [
          9,
          0,
          16
        ]
      },
      "faces": {
        "north": {
          "uv": [
            6,
            0.5,
            8,
            1
          ],
          "texture": "#1"
        },
        "east": {
          "uv": [
            4.5,
            7.5,
            5,
            8
          ],
          "texture": "#1"
        },
        "south": {
          "uv": [
            6,
            0,
            8,
            0.5
          ],
          "texture": "#1"
        },
        "west": {
          "uv": [
            7.5,
            4,
            8,
            4.5
          ],
          "texture": "#1"
        },
        "up": {
          "uv": [
            8,
            1.5,
            6,
            1
          ],
          "rotation": 180,
          "texture": "#1"
        },
        "down": {
          "uv": [
            8,
            1.5,
            6,
            2
          ],
          "rotation": 180,
          "texture": "#1"
        }
      }
    },
    {
      "from": [
        4.5,
        8,
        15.9
      ],
      "to": [
        6.5,
        9,
        16
      ],
      "rotation": {
        "angle": 0,
        "axis": "y",
        "origin": [
          9,
          0,
          16
        ]
      },
      "faces": {
        "north": {
          "uv": [
            1,
            7.5,
            2,
            8
          ],
          "texture": "#1"
        },
        "east": {
          "uv": [
            5,
            7.5,
            5.5,
            8
          ],
          "texture": "#1"
        },
        "south": {
          "uv": [
            0,
            7.5,
            1,
            8
          ],
          "texture": "#1"
        },
        "west": {
          "uv": [
            7.5,
            4.5,
            8,
            5
          ],
          "texture": "#1"
        },
        "up": {
          "uv": [
            3,
            8,
            2,
            7.5
          ],
          "rotation": 180,
          "texture": "#1"
        },
        "down": {
          "uv": [
            8.5,
            2,
            7.5,
            2.5
          ],
          "rotation": 180,
          "texture": "#1"
        }
      }
    },
    {
      "from": [
        18.5,
        4,
        15.9
      ],
      "to": [
        19.5,
        11,
        16
      ],
      "rotation": {
        "angle": 0,
        "axis": "y",
        "origin": [
          9,
          0,
          16
        ]
      },
      "faces": {
        "north": {
          "uv": [
            1,
            0,
            1.5,
            3.5
          ],
          "texture": "#1"
        },
        "east": {
          "uv": [
            1.5,
            0,
            2,
            3.5
          ],
          "texture": "#1"
        },
        "south": {
          "uv": [
            0,
            0,
            0.5,
            3.5
          ],
          "texture": "#1"
        },
        "west": {
          "uv": [
            0.5,
            0,
            1,
            3.5
          ],
          "texture": "#1"
        },
        "up": {
          "uv": [
            8,
            5.5,
            7.5,
            5
          ],
          "rotation": 180,
          "texture": "#1"
        },
        "down": {
          "uv": [
            6,
            7.5,
            5.5,
            8
          ],
          "rotation": 180,
          "texture": "#1"
        }
      }
    },
    {
      "from": [
        6.5,
        4,
        15.9
      ],
      "to": [
        7.5,
        11,
        16
      ],
      "rotation": {
        "angle": 0,
        "axis": "y",
        "origin": [
          9,
          0,
          16
        ]
      },
      "faces": {
        "north": {
          "uv": [
            3,
            0,
            3.5,
            3.5
          ],
          "texture": "#1"
        },
        "east": {
          "uv": [
            0,
            3.5,
            0.5,
            7
          ],
          "texture": "#1"
        },
        "south": {
          "uv": [
            2,
            0,
            2.5,
            3.5
          ],
          "texture": "#1"
        },
        "west": {
          "uv": [
            2.5,
            0,
            3,
            3.5
          ],
          "texture": "#1"
        },
        "up": {
          "uv": [
            8,
            6,
            7.5,
            5.5
          ],
          "rotation": 180,
          "texture": "#1"
        },
        "down": {
          "uv": [
            6.5,
            7.5,
            6,
            8
          ],
          "rotation": 180,
          "texture": "#1"
        }
      }
    },
    {
      "from": [
        12.5,
        4,
        15.9
      ],
      "to": [
        13.5,
        11,
        16
      ],
      "rotation": {
        "angle": 0,
        "axis": "y",
        "origin": [
          9,
          0,
          16
        ]
      },
      "faces": {
        "north": {
          "uv": [
            1,
            3.5,
            1.5,
            7
          ],
          "texture": "#1"
        },
        "east": {
          "uv": [
            1.5,
            3.5,
            2,
            7
          ],
          "texture": "#1"
        },
        "south": {
          "uv": [
            3.5,
            0,
            4,
            3.5
          ],
          "texture": "#1"
        },
        "west": {
          "uv": [
            0.5,
            3.5,
            1,
            7
          ],
          "texture": "#1"
        },
        "up": {
          "uv": [
            7,
            8,
            6.5,
            7.5
          ],
          "rotation": 180,
          "texture": "#1"
        },
        "down": {
          "uv": [
            7.5,
            7.5,
            7,
            8
          ],
          "rotation": 180,
          "texture": "#1"
        }
      }
    },
    {
      "from": [
        8.5,
        4,
        15.9
      ],
      "to": [
        9.5,
        11,
        16
      ],
      "rotation": {
        "angle": 0,
        "axis": "y",
        "origin": [
          9,
          0,
          16
        ]
      },
      "faces": {
        "north": {
          "uv": [
            3,
            3.5,
            3.5,
            7
          ],
          "texture": "#1"
        },
        "east": {
          "uv": [
            3.5,
            3.5,
            4,
            7
          ],
          "texture": "#1"
        },
        "south": {
          "uv": [
            2,
            3.5,
            2.5,
            7
          ],
          "texture": "#1"
        },
        "west": {
          "uv": [
            2.5,
            3.5,
            3,
            7
          ],
          "texture": "#1"
        },
        "up": {
          "uv": [
            8,
            8,
            7.5,
            7.5
          ],
          "rotation": 180,
          "texture": "#1"
        },
        "down": {
          "uv": [
            0.5,
            8,
            0,
            8.5
          ],
          "rotation": 180,
          "texture": "#1"
        }
      }
    },
    {
      "from": [
        10.5,
        8,
        15.9
      ],
      "to": [
        11.5,
        9,
        16
      ],
      "rotation": {
        "angle": 0,
        "axis": "y",
        "origin": [
          9,
          0,
          16
        ]
      },
      "faces": {
        "north": {
          "uv": [
            8,
            0.5,
            8.5,
            1
          ],
          "texture": "#1"
        },
        "east": {
          "uv": [
            1,
            8,
            1.5,
            8.5
          ],
          "texture": "#1"
        },
        "south": {
          "uv": [
            8,
            0,
            8.5,
            0.5
          ],
          "texture": "#1"
        },
        "west": {
          "uv": [
            0.5,
            8,
            1,
            8.5
          ],
          "texture": "#1"
        },
        "up": {
          "uv": [
            8.5,
            1.5,
            8,
            1
          ],
          "rotation": 180,
          "texture": "#1"
        },
        "down": {
          "uv": [
            2,
            8,
            1.5,
            8.5
          ],
          "rotation": 180,
          "texture": "#1"
        }
      }
    },
    {
      "from": [
        9.5,
        7,
        15.9
      ],
      "to": [
        10.5,
        8,
        16
      ],
      "rotation": {
        "angle": 0,
        "axis": "y",
        "origin": [
          9,
          0,
          16
        ]
      },
      "faces": {
        "north": {
          "uv": [
            2.5,
            8,
            3,
            8.5
          ],
          "texture": "#1"
        },
        "east": {
          "uv": [
            8,
            2.5,
            8.5,
            3
          ],
          "texture": "#1"
        },
        "south": {
          "uv": [
            8,
            1.5,
            8.5,
            2
          ],
          "texture": "#1"
        },
        "west": {
          "uv": [
            2,
            8,
            2.5,
            8.5
          ],
          "texture": "#1"
        },
        "up": {
          "uv": [
            3.5,
            8.5,
            3,
            8
          ],
          "rotation": 180,
          "texture": "#1"
        },
        "down": {
          "uv": [
            8.5,
            3,
            8,
            3.5
          ],
          "rotation": 180,
          "texture": "#1"
        }
      }
    },
    {
      "from": [
        11.5,
        9,
        15.9
      ],
      "to": [
        12.5,
        10,
        16
      ],
      "rotation": {
        "angle": 0,
        "axis": "y",
        "origin": [
          9,
          0,
          16
        ]
      },
      "faces": {
        "north": {
          "uv": [
            4,
            8,
            4.5,
            8.5
          ],
          "texture": "#1"
        },
        "east": {
          "uv": [
            8,
            4,
            8.5,
            4.5
          ],
          "texture": "#1"
        },
        "south": {
          "uv": [
            3.5,
            8,
            4,
            8.5
          ],
          "texture": "#1"
        },
        "west": {
          "uv": [
            8,
            3.5,
            8.5,
            4
          ],
          "texture": "#1"
        },
        "up": {
          "uv": [
            5,
            8.5,
            4.5,
            8
          ],
          "rotation": 180,
          "texture": "#1"
        },
        "down": {
          "uv": [
            8.5,
            4.5,
            8,
            5
          ],
          "rotation": 180,
          "texture": "#1"
        }
      }
    },
    {
      "from": [
        -2.5,
        10,
        15.9
      ],
      "to": [
        1.5,
        11,
        16
      ],
      "rotation": {
        "angle": 0,
        "axis": "y",
        "origin": [
          9,
          0,
          16
        ]
      },
      "faces": {
        "north": {
          "uv": [
            5,
            6.5,
            7,
            7
          ],
          "texture": "#1"
        },
        "east": {
          "uv": [
            8,
            5,
            8.5,
            5.5
          ],
          "texture": "#1"
        },
        "south": {
          "uv": [
            5,
            6,
            7,
            6.5
          ],
          "texture": "#1"
        },
        "west": {
          "uv": [
            5,
            8,
            5.5,
            8.5
          ],
          "texture": "#1"
        },
        "up": {
          "uv": [
            2,
            7.5,
            0,
            7
          ],
          "rotation": 180,
          "texture": "#1"
        },
        "down": {
          "uv": [
            4,
            7,
            2,
            7.5
          ],
          "rotation": 180,
          "texture": "#1"
        }
      }
    },
    {
      "from": [
        -2.5,
        8,
        15.9
      ],
      "to": [
        1.5,
        9,
        16
      ],
      "rotation": {
        "angle": 0,
        "axis": "y",
        "origin": [
          9,
          0,
          16
        ]
      },
      "faces": {
        "north": {
          "uv": [
            6,
            7,
            8,
            7.5
          ],
          "texture": "#1"
        },
        "east": {
          "uv": [
            8,
            5.5,
            8.5,
            6
          ],
          "texture": "#1"
        },
        "south": {
          "uv": [
            4,
            7,
            6,
            7.5
          ],
          "texture": "#1"
        },
        "west": {
          "uv": [
            5.5,
            8,
            6,
            8.5
          ],
          "texture": "#1"
        },
        "up": {
          "uv": [
            9,
            6.5,
            7,
            6
          ],
          "rotation": 180,
          "texture": "#1"
        },
        "down": {
          "uv": [
            9,
            6.5,
            7,
            7
          ],
          "rotation": 180,
          "texture": "#1"
        }
      }
    },
    {
      "from": [
        0.5,
        4,
        15.9
      ],
      "to": [
        1.5,
        11,
        16
      ],
      "rotation": {
        "angle": 0,
        "axis": "y",
        "origin": [
          9,
          0,
          16
        ]
      },
      "faces": {
        "north": {
          "uv": [
            4.5,
            0,
            5,
            3.5
          ],
          "texture": "#1"
        },
        "east": {
          "uv": [
            4.5,
            3.5,
            5,
            7
          ],
          "texture": "#1"
        },
        "south": {
          "uv": [
            4,
            0,
            4.5,
            3.5
          ],
          "texture": "#1"
        },
        "west": {
          "uv": [
            4,
            3.5,
            4.5,
            7
          ],
          "texture": "#1"
        },
        "up": {
          "uv": [
            6.5,
            8.5,
            6,
            8
          ],
          "rotation": 180,
          "texture": "#1"
        },
        "down": {
          "uv": [
            7,
            8,
            6.5,
            8.5
          ],
          "rotation": 180,
          "texture": "#1"
        }
      }
    },
    {
      "from": [
        -3.5,
        9,
        15.9
      ],
      "to": [
        -2.5,
        10,
        16
      ],
      "rotation": {
        "angle": 0,
        "axis": "y",
        "origin": [
          9,
          0,
          16
        ]
      },
      "faces": {
        "north": {
          "uv": [
            7.5,
            8,
            8,
            8.5
          ],
          "texture": "#1"
        },
        "east": {
          "uv": [
            8,
            7.5,
            8.5,
            8
          ],
          "texture": "#1"
        },
        "south": {
          "uv": [
            7,
            8,
            7.5,
            8.5
          ],
          "texture": "#1"
        },
        "west": {
          "uv": [
            8,
            7,
            8.5,
            7.5
          ],
          "texture": "#1"
        },
        "up": {
          "uv": [
            8.5,
            8.5,
            8,
            8
          ],
          "rotation": 180,
          "texture": "#1"
        },
        "down": {
          "uv": [
            0.5,
            8.5,
            0,
            9
          ],
          "rotation": 180,
          "texture": "#1"
        }
      }
    },
    {
      "from": [
        -3.5,
        4,
        15.9
      ],
      "to": [
        -2.5,
        8,
        16
      ],
      "rotation": {
        "angle": 0,
        "axis": "y",
        "origin": [
          9,
          0,
          16
        ]
      },
      "faces": {
        "north": {
          "uv": [
            5,
            4,
            5.5,
            6
          ],
          "texture": "#1"
        },
        "east": {
          "uv": [
            5.5,
            0,
            6,
            2
          ],
          "texture": "#1"
        },
        "south": {
          "uv": [
            5,
            0,
            5.5,
            2
          ],
          "texture": "#1"
        },
        "west": {
          "uv": [
            5,
            2,
            5.5,
            4
          ],
          "texture": "#1"
        },
        "up": {
          "uv": [
            8,
            3,
            7.5,
            2.5
          ],
          "rotation": 180,
          "texture": "#1"
        },
        "down": {
          "uv": [
            3.5,
            7.5,
            3,
            8
          ],
          "rotation": 180,
          "texture": "#1"
        }
      }
    }
  ]
}