{
  "credit": "Made with Blockbench",
  "texture_size": [
    32,
    32
  ],
  "elements": [
    {
      "from": [
        14,
        4,
        4
      ],
      "to": [
        16,
        12,
        12
      ],
      "faces": {
        "north": {
          "uv": [
            9,
            3.5,
            10,
            7.5
          ],
          "texture": "#0"
        },
        "east": {
          "uv": [
            10,
            3.5,
            14,
            7.5
          ],
          "texture": "#0"
        },
        "south": {
          "uv": [
            9,
            3.5,
            10,
            7.5
          ],
          "texture": "#0"
        },
        "west": {
          "uv": [
            10,
            3.5,
            14,
            7.5
          ],
          "texture": "#0"
        },
        "up": {
          "uv": [
            9,
            3.5,
            10,
            7.5
          ],
          "texture": "#0"
        },
        "down": {
          "uv": [
            9,
            3.5,
            10,
            7.5
          ],
          "texture": "#0"
        }
      }
    },
    {
      "from": [
        11,
        5,
        5
      ],
      "to": [
        14,
        11,
        11
      ],
      "faces": {
        "north": {
          "uv": [
            12.5,
            0,
            14,
            3
          ],
          "texture": "#0"
        },
        "east": {
          "uv": [
            9.5,
            0,
            12.5,
            3
          ],
          "texture": "#0"
        },
        "south": {
          "uv": [
            12.5,
            0,
            14,
            3
          ],
          "texture": "#0"
        },
        "west": {
          "uv": [
            9.5,
            0,
            12.5,
            3
          ],
          "texture": "#0"
        },
        "up": {
          "uv": [
            12.5,
            0,
            14,
            3
          ],
          "texture": "#0"
        },
        "down": {
          "uv": [
            12.5,
            0,
            14,
            3
          ],
          "texture": "#0"
        }
      }
    },
    {
      "from": [
        6,
        6,
        6
      ],
      "to": [
        11,
        10,
        10
      ],
      "faces": {
        "north": {
          "uv": [
            7,
            0,
            9.5,
            2
          ],
          "texture": "#0"
        },
        "east": {
          "uv": [
            5,
            0,
            7,
            2
          ],
          "texture": "#0"
        },
        "south": {
          "uv": [
            7,
            0,
            9.5,
            2
          ],
          "texture": "#0"
        },
        "west": {
          "uv": [
            5,
            0,
            7,
            2
          ],
          "texture": "#0"
        },
        "up": {
          "uv": [
            7,
            0,
            9.5,
            2
          ],
          "texture": "#0"
        },
        "down": {
          "uv": [
            7,
            0,
            9.5,
            2
          ],
          "texture": "#0"
        }
      }
    },
    {
      "from": [
        4,
        4,
        4
      ],
      "to": [
        6,
        12,
        12
      ],
      "faces": {
        "north": {
          "uv": [
            4,
            0,
            4.875,
            3.875
          ],
          "texture": "#0"
        },
        "east": {
          "uv": [
            0,
            0,
            4,
            4
          ],
          "texture": "#0"
        },
        "south": {
          "uv": [
            4,
            0,
            4.875,
            3.875
          ],
          "texture": "#0"
        },
        "west": {
          "uv": [
            0,
            0,
            4,
            4
          ],
          "texture": "#0"
        },
        "up": {
          "uv": [
            4,
            0,
            4.875,
            3.875
          ],
          "texture": "#0"
        },
        "down": {
          "uv": [
            4,
            0,
            4.875,
            3.875
          ],
          "texture": "#0"
        }
      }
    }
  ]
}