{
  "credit": "Made with Blockbench",
  "elements": [
    {
      "from": [
        0,
        15,
        0
      ],
      "to": [
        16,
        16,
        16
      ],
      "faces": {
        "north": {
          "uv": [
            0,
            0,
            16,
            1
          ],
          "texture": "#3"
        },
        "east": {
          "uv": [
            0,
            0,
            16,
            1
          ],
          "texture": "#3"
        },
        "south": {
          "uv": [
            0,
            0,
            16,
            1
          ],
          "texture": "#3"
        },
        "west": {
          "uv": [
            0,
            0,
            16,
            1
          ],
          "texture": "#3"
        },
        "up": {
          "uv": [
            0,
            0,
            16,
            16
          ],
          "texture": "#3"
        },
        "down": {
          "uv": [
            0,
            0,
            16,
            16
          ],
          "texture": "#3"
        }
      }
    },
    {
      "from": [
        13,
        13,
        0
      ],
      "to": [
        15,
        15,
        16
      ],
      "faces": {
        "north": {
          "uv": [
            0,
            0,
            2,
            2
          ],
          "texture": "#2"
        },
        "east": {
          "uv": [
            0,
            0,
            16,
            2
          ],
          "texture": "#2"
        },
        "south": {
          "uv": [
            0,
            0,
            2,
            2
          ],
          "texture": "#2"
        },
        "west": {
          "uv": [
            0,
            0,
            16,
            2
          ],
          "texture": "#2"
        },
        "up": {
          "uv": [
            0,
            0,
            2,
            16
          ],
          "texture": "#2"
        },
        "down": {
          "uv": [
            0,
            0,
            2,
            16
          ],
          "texture": "#2"
        }
      }
    }
  ]
}