{
	"credit": "Made with Blockbench",
	"textures": {
		"3": "Desktop/Textures/chute_block",
		"particle": "andesite_bricks"
	},
	"elements": [
		{
			"from": [-8, 4.8, 0.002],
			"to": [24, 11.2, 16.0021],
			"rotation": {"angle": 0, "axis": "y", "origin": [8, 8, 8]},
			"faces": {
				"north": {"uv": [0, 0, 16, 6.4], "texture": "#3"},
				"east": {"uv": [0, 0, 16, 6.4], "texture": "#3"},
				"south": {"uv": [0, 0, 16, 6.4], "texture": "#3"},
				"west": {"uv": [0, 0, 16, 6.4], "texture": "#3"},
				"up": {"uv": [0, 0, 16, 16], "texture": "#3"},
				"down": {"uv": [0, 0, 16, 16], "texture": "#3"}
			}
		},
		{
			"from": [4.8, -8, 0.002],
			"to": [11.2, 24, 16.0021],
			"rotation": {"angle": 0, "axis": "z", "origin": [8, 8, 8]},
			"faces": {
				"north": {"uv": [0, 0, 16, 6.4], "rotation": 90, "texture": "#3"},
				"east": {"uv": [0, 0, 16, 16], "rotation": 270, "texture": "#3"},
				"south": {"uv": [0, 0, 16, 6.4], "rotation": 270, "texture": "#3"},
				"west": {"uv": [0, 0, 16, 16], "rotation": 270, "texture": "#3"},
				"up": {"uv": [0, 0, 16, 6.4], "rotation": 270, "texture": "#3"},
				"down": {"uv": [0, 0, 16, 6.4], "rotation": 270, "texture": "#3"}
			}
		},
		{
			"from": [4.8, -8, 0],
			"to": [11.2, 24, 16.0001],
			"rotation": {"angle": 22.5, "axis": "z", "origin": [8, 8, 8]},
			"faces": {
				"north": {"uv": [0, 0, 16, 6.4], "rotation": 90, "texture": "#3"},
				"east": {"uv": [0, 0, 16, 16], "rotation": 270, "texture": "#3"},
				"south": {"uv": [0, 0, 16, 6.4], "rotation": 270, "texture": "#3"},
				"west": {"uv": [0, 0, 16, 16], "rotation": 270, "texture": "#3"},
				"up": {"uv": [0, 0, 16, 6.4], "rotation": 270, "texture": "#3"},
				"down": {"uv": [0, 0, 16, 6.4], "rotation": 270, "texture": "#3"}
			}
		},
		{
			"from": [-8, 4.8, 0],
			"to": [24, 11.2, 16],
			"rotation": {"angle": -22.5, "axis": "z", "origin": [8, 8, 8]},
			"faces": {
				"north": {"uv": [0, 0, 16, 6.4], "rotation": 180, "texture": "#3"},
				"east": {"uv": [0, 0, 16, 6.4], "rotation": 180, "texture": "#3"},
				"south": {"uv": [0, 0, 16, 6.4], "rotation": 180, "texture": "#3"},
				"west": {"uv": [0, 0, 16, 6.4], "rotation": 180, "texture": "#3"},
				"up": {"uv": [0, 0, 16, 16], "rotation": 180, "texture": "#3"},
				"down": {"uv": [0, 0, 16, 16], "rotation": 180, "texture": "#3"}
			}
		},
		{
			"from": [-8, 4.8, 0.002],
			"to": [24, 11.2, 16.0021],
			"rotation": {"angle": -45, "axis": "z", "origin": [8, 8, 8]},
			"faces": {
				"north": {"uv": [0, 0, 16, 6.4], "rotation": 180, "texture": "#3"},
				"east": {"uv": [0, 0, 16, 6.4], "rotation": 180, "texture": "#3"},
				"south": {"uv": [0, 0, 16, 6.4], "rotation": 180, "texture": "#3"},
				"west": {"uv": [0, 0, 16, 6.4], "rotation": 180, "texture": "#3"},
				"up": {"uv": [0, 0, 16, 16], "rotation": 180, "texture": "#3"},
				"down": {"uv": [0, 0, 16, 16], "rotation": 180, "texture": "#3"}
			}
		},
		{
			"from": [-8, 4.8, 0.002],
			"to": [24, 11.2, 16.0021],
			"rotation": {"angle": 45, "axis": "z", "origin": [8, 8, 8]},
			"faces": {
				"north": {"uv": [0, 0, 16, 6.4], "rotation": 180, "texture": "#3"},
				"east": {"uv": [0, 0, 16, 6.4], "rotation": 180, "texture": "#3"},
				"south": {"uv": [0, 0, 16, 6.4], "rotation": 180, "texture": "#3"},
				"west": {"uv": [0, 0, 16, 6.4], "rotation": 180, "texture": "#3"},
				"up": {"uv": [0, 0, 16, 16], "rotation": 180, "texture": "#3"},
				"down": {"uv": [0, 0, 16, 16], "rotation": 180, "texture": "#3"}
			}
		},
		{
			"from": [4.8, -8, 0],
			"to": [11.2, 24, 16],
			"rotation": {"angle": -22.5, "axis": "z", "origin": [8, 8, 8]},
			"faces": {
				"north": {"uv": [0, 0, 16, 6.4], "rotation": 270, "texture": "#3"},
				"east": {"uv": [0, 0, 16, 16], "rotation": 90, "texture": "#3"},
				"south": {"uv": [0, 0, 16, 6.4], "rotation": 90, "texture": "#3"},
				"west": {"uv": [0, 0, 16, 16], "rotation": 90, "texture": "#3"},
				"up": {"uv": [0, 0, 16, 6.4], "rotation": 90, "texture": "#3"},
				"down": {"uv": [0, 0, 16, 6.4], "rotation": 90, "texture": "#3"}
			}
		},
		{
			"from": [-8, 4.8, 0],
			"to": [24, 11.2, 16],
			"rotation": {"angle": 22.5, "axis": "z", "origin": [8, 8, 8]},
			"faces": {
				"north": {"uv": [0, 0, 16, 6.4], "rotation": 180, "texture": "#3"},
				"east": {"uv": [0, 0, 16, 6.4], "rotation": 180, "texture": "#3"},
				"south": {"uv": [0, 0, 16, 6.4], "rotation": 180, "texture": "#3"},
				"west": {"uv": [0, 0, 16, 6.4], "rotation": 180, "texture": "#3"},
				"up": {"uv": [0, 0, 16, 16], "rotation": 180, "texture": "#3"},
				"down": {"uv": [0, 0, 16, 16], "rotation": 180, "texture": "#3"}
			}
		}
	]
}