{
	"credit": "Made with Blockbench",
	"textures": {
		"0": "brass_block",
		"1": "andesite_bricks",
		"particle": "brass_block"
	},
	"elements": [
		{
			"from": [7, 0, 6],
			"to": [9, 10, 10],
			"faces": {
				"north": {"uv": [0, 3, 2, 13], "texture": "#1"},
				"east": {"uv": [12, 3, 16, 13], "texture": "#1"},
				"south": {"uv": [4, 3, 6, 13], "texture": "#1"},
				"west": {"uv": [8, 3, 12, 13], "texture": "#1"},
				"up": {"uv": [4, 12, 6, 16], "texture": "#1"},
				"down": {"uv": [0, 12, 2, 16], "texture": "#1"}
			}
		},
		{
			"from": [7, 10, 7],
			"to": [9, 15, 9],
			"faces": {
				"north": {"uv": [13, 1, 15, 6], "texture": "#0"},
				"east": {"uv": [13, 1, 15, 6], "texture": "#0"},
				"south": {"uv": [13, 1, 15, 6], "texture": "#0"},
				"west": {"uv": [13, 1, 15, 6], "texture": "#0"},
				"up": {"uv": [13, 13, 15, 15], "texture": "#0"},
				"down": {"uv": [13, 13, 15, 15], "texture": "#0"}
			}
		},
		{
			"from": [6, 15, 6],
			"to": [10, 16, 10],
			"faces": {
				"north": {"uv": [2, 2, 6, 3], "texture": "#0"},
				"east": {"uv": [2, 2, 6, 3], "texture": "#0"},
				"south": {"uv": [2, 2, 6, 3], "texture": "#0"},
				"west": {"uv": [2, 2, 6, 3], "texture": "#0"},
				"up": {"uv": [2, 2, 6, 6], "texture": "#0"},
				"down": {"uv": [2, 2, 6, 6], "texture": "#0"}
			}
		},
		{
			"from": [9, 16, 9],
			"to": [10, 19, 10],
			"faces": {
				"north": {"uv": [2, 2, 3, 5], "texture": "#0"},
				"east": {"uv": [1, 1, 2, 4], "texture": "#0"},
				"south": {"uv": [1, 1, 2, 4], "texture": "#0"},
				"west": {"uv": [1, 1, 2, 4], "texture": "#0"},
				"up": {"uv": [14, 13, 15, 14], "texture": "#0"},
				"down": {"uv": [1, 1, 2, 2], "texture": "#0"}
			}
		},
		{
			"from": [6, 0, 7],
			"to": [10, 10, 9],
			"faces": {
				"north": {"uv": [0, 3, 4, 13], "texture": "#1"},
				"east": {"uv": [12, 3, 14, 13], "texture": "#1"},
				"south": {"uv": [4, 3, 8, 13], "texture": "#1"},
				"west": {"uv": [8, 3, 10, 13], "texture": "#1"},
				"up": {"uv": [4, 12, 8, 14], "texture": "#1"},
				"down": {"uv": [0, 12, 4, 14], "texture": "#1"}
			}
		}
	]
}