{
	"credit": "Made with Blockbench",
	"textures": {
		"0": "lamptex",
		"particle": "lamptex"
	},
	"elements": [
		{
			"from": [5, 0, 5],
			"to": [11, 8, 11],
			"faces": {
				"north": {"uv": [0, 0, 8, 8], "texture": "#0"},
				"east": {"uv": [0, 0, 8, 8], "texture": "#0"},
				"south": {"uv": [0, 0.125, 7.875, 8], "texture": "#0"},
				"west": {"uv": [0.125, 0, 8, 8], "texture": "#0"},
				"up": {"uv": [0, 0, 7.875, 7.875], "texture": "#0"},
				"down": {"uv": [0, 0, 7.875, 7.875], "texture": "#0"}
			}
		},
		{
			"from": [6.5, 8, 6.5],
			"to": [9.5, 8.75, 9.5],
			"faces": {
				"north": {"uv": [0, 0, 8, 0.5], "texture": "#0"},
				"east": {"uv": [0, 0, 7.875, 0.375], "texture": "#0"},
				"south": {"uv": [0, 0, 8, 0.375], "texture": "#0"},
				"west": {"uv": [0, 0, 7.875, 0.375], "texture": "#0"},
				"up": {"uv": [0, 0, 8, 0.375], "texture": "#0"},
				"down": {"uv": [0, 0, 8, 0.375], "texture": "#0"}
			}
		},
		{
			"from": [6, 5.75, 4.5],
			"to": [10, 6.25, 5],
			"faces": {
				"north": {"uv": [0, 0, 4, 0.5], "texture": "#0"},
				"east": {"uv": [0, 0, 0.5, 0.5], "texture": "#0"},
				"south": {"uv": [0, 0, 4, 0.5], "texture": "#0"},
				"west": {"uv": [0, 0, 0.5, 0.5], "texture": "#0"},
				"up": {"uv": [0, 0, 4, 0.5], "texture": "#0"},
				"down": {"uv": [0, 0, 4, 0.5], "texture": "#0"}
			}
		},
		{
			"from": [6.5, 2.75, 4.9],
			"to": [9.5, 5.75, 5],
			"faces": {
				"north": {"uv": [10.25, 2.75, 13.25, 5.75], "texture": "#0"},
				"east": {"uv": [0, 0, 0.1, 3], "texture": "#0"},
				"south": {"uv": [0, 0, 3, 3], "texture": "#0"},
				"west": {"uv": [0, 0, 0.1, 3], "texture": "#0"},
				"up": {"uv": [0, 0, 3, 0.1], "texture": "#0"},
				"down": {"uv": [0, 0, 3, 0.1], "texture": "#0"}
			}
		},
		{
			"from": [6, 2.25, 4.5],
			"to": [10, 2.75, 5],
			"faces": {
				"north": {"uv": [0, 0, 4, 0.5], "texture": "#0"},
				"east": {"uv": [0, 0, 0.5, 0.5], "texture": "#0"},
				"south": {"uv": [0, 0, 4, 0.5], "texture": "#0"},
				"west": {"uv": [0, 0, 0.5, 0.5], "texture": "#0"},
				"up": {"uv": [0, 0, 4, 0.5], "texture": "#0"},
				"down": {"uv": [0, 0, 4, 0.5], "texture": "#0"}
			}
		},
		{
			"from": [9.5, 2.75, 4.5],
			"to": [10, 5.75, 5],
			"faces": {
				"north": {"uv": [0, 0, 0.5, 3], "texture": "#0"},
				"east": {"uv": [0, 0, 0.5, 3], "texture": "#0"},
				"south": {"uv": [0, 0, 0.5, 3], "texture": "#0"},
				"west": {"uv": [0, 0, 0.5, 3], "texture": "#0"},
				"up": {"uv": [0, 0, 0.5, 0.5], "texture": "#0"},
				"down": {"uv": [0, 0, 0.5, 0.5], "texture": "#0"}
			}
		},
		{
			"from": [6, 2.75, 4.5],
			"to": [6.5, 5.75, 5],
			"faces": {
				"north": {"uv": [0, 0, 0.5, 3], "texture": "#0"},
				"east": {"uv": [0, 0, 0.5, 3], "texture": "#0"},
				"south": {"uv": [0, 0, 0.5, 3], "texture": "#0"},
				"west": {"uv": [0, 0, 0.5, 3], "texture": "#0"},
				"up": {"uv": [0, 0, 0.5, 0.5], "texture": "#0"},
				"down": {"uv": [0, 0, 0.5, 0.5], "texture": "#0"}
			}
		},
		{
			"from": [6, 8.75, 6],
			"to": [10, 9.25, 10],
			"faces": {
				"north": {"uv": [0, 0, 4, 0.5], "texture": "#0"},
				"east": {"uv": [0, 0, 4, 0.5], "texture": "#0"},
				"south": {"uv": [0, 0, 4, 0.5], "texture": "#0"},
				"west": {"uv": [0, 0, 4, 0.5], "texture": "#0"},
				"up": {"uv": [0, 0, 8, 7.875], "texture": "#0"},
				"down": {"uv": [0, 0, 8, 7.875], "texture": "#0"}
			}
		},
		{
			"from": [4.5, 8, 7.75],
			"to": [11.5, 8.5, 8.25],
			"rotation": {"angle": 45, "axis": "x", "origin": [0, 8.25, 8]},
			"faces": {
				"north": {"uv": [0, 0, 7, 0.5], "texture": "#0"},
				"east": {"uv": [0, 0, 0.5, 0.5], "texture": "#0"},
				"south": {"uv": [0, 0, 7, 0.5], "texture": "#0"},
				"west": {"uv": [0, 0, 0.5, 0.5], "texture": "#0"},
				"up": {"uv": [0, 0, 7, 0.5], "texture": "#0"},
				"down": {"uv": [0, 0, 7, 0.5], "texture": "#0"}
			}
		},
		{
			"from": [4.5, 8, 7.75],
			"to": [5, 8.5, 12.75],
			"rotation": {"angle": 45, "axis": "x", "origin": [0, 8.25, 8]},
			"faces": {
				"north": {"uv": [0, 0, 0.5, 0.5], "texture": "#0"},
				"east": {"uv": [0, 0, 5, 0.5], "texture": "#0"},
				"south": {"uv": [0, 0, 0.5, 0.5], "texture": "#0"},
				"west": {"uv": [0, 0, 5, 0.5], "texture": "#0"},
				"up": {"uv": [0, 0, 0.5, 5], "texture": "#0"},
				"down": {"uv": [0, 0, 0.5, 5], "texture": "#0"}
			}
		},
		{
			"from": [4.5, 8, 12.25],
			"to": [11.5, 8.5, 12.75],
			"rotation": {"angle": 45, "axis": "x", "origin": [0, 8.25, 8]},
			"faces": {
				"north": {"uv": [0, 0, 7, 0.5], "texture": "#0"},
				"east": {"uv": [0, 0, 0.5, 0.5], "texture": "#0"},
				"south": {"uv": [0, 0, 7, 0.5], "texture": "#0"},
				"west": {"uv": [0, 0, 0.5, 0.5], "texture": "#0"},
				"up": {"uv": [0, 0, 7, 0.5], "texture": "#0"},
				"down": {"uv": [0, 0, 7, 0.5], "texture": "#0"}
			}
		},
		{
			"from": [11, 8, 7.75],
			"to": [11.5, 8.5, 12.75],
			"rotation": {"angle": 45, "axis": "x", "origin": [0, 8.25, 8]},
			"faces": {
				"north": {"uv": [0, 0, 0.5, 0.5], "texture": "#0"},
				"east": {"uv": [0, 0, 5, 0.5], "texture": "#0"},
				"south": {"uv": [0, 0, 0.5, 0.5], "texture": "#0"},
				"west": {"uv": [0, 0, 5, 0.5], "texture": "#0"},
				"up": {"uv": [0, 0, 0.5, 5], "texture": "#0"},
				"down": {"uv": [0, 0, 0.5, 5], "texture": "#0"}
			}
		}
	]
}