{
	"credit": "Made with Blockbench",
	"textures": {
		"1": "Desktop/Textures/andesite_casing",
		"7": "Desktop/Textures/chute_block",
		"10": "Desktop/Textures/Cyan_Terracotta_(texture)_JE1_BE1-2",
		"16": "Desktop/Textures/Smithing_Table_(bottom_texture)_JE1_BE1",
		"particle": "Desktop/Textures/andesite_bricks"
	},
	"elements": [
		{
			"from": [-16, 9, 0],
			"to": [32, 16, 2],
			"faces": {
				"north": {"uv": [2.6, 8.3, 13.9, 13.7], "texture": "#16"},
				"east": {"uv": [2.5, 2.4, 3.5, 9.4], "texture": "#16"},
				"south": {"uv": [2.2, 14.8, 12.8, 13.5], "texture": "#16"},
				"west": {"uv": [0, 3, 1, 10], "texture": "#16"},
				"up": {"uv": [2.2, 1.7, 12.4, 2.7], "texture": "#16"},
				"down": {"uv": [4.1, 6.7, 14.2, 6.7], "texture": "#16"}
			}
		},
		{
			"from": [25, 9, -1],
			"to": [26, 15, 0],
			"faces": {
				"north": {"uv": [2.5, 2.2, 3.2, 7.6], "texture": "#16"},
				"east": {"uv": [2.5, 2.4, 3.5, 9.4], "texture": "#16"},
				"south": {"uv": [7, 11, 7, 11.3], "texture": "#16"},
				"west": {"uv": [2.3, 2.9, 6.3, 7.2], "texture": "#16"},
				"up": {"uv": [12.1, 4.9, 9, 6.9], "texture": "#16"},
				"down": {"uv": [9.3, 9.7, 8, 9.7], "texture": "#16"}
			}
		},
		{
			"from": [18, 9, -1],
			"to": [19, 15, 0],
			"faces": {
				"north": {"uv": [0.3, 2.1, 1, 6.5], "texture": "#16"},
				"east": {"uv": [2.5, 2.4, 3.5, 9.4], "texture": "#16"},
				"south": {"uv": [2.2, 14.8, 12.8, 13.5], "texture": "#16"},
				"west": {"uv": [0, 3, 1, 10], "texture": "#16"},
				"up": {"uv": [0, 1.7, 1, 3.7], "texture": "#16"},
				"down": {"uv": [2.3, 6.7, 1, 6.7], "texture": "#16"}
			}
		},
		{
			"from": [19, 8, -1],
			"to": [25, 16, 0],
			"faces": {
				"north": {"uv": [4.5, 7.1, 5.8, 13.5], "texture": "#16"},
				"east": {"uv": [2.5, 2.4, 3.5, 9.4], "texture": "#16"},
				"south": {"uv": [2.2, 14.8, 12.8, 13.5], "texture": "#16"},
				"west": {"uv": [0, 3, 1, 10], "texture": "#16"},
				"up": {"uv": [2.2, 1.7, 2.4, 3.7], "texture": "#16"},
				"down": {"uv": [14.1, 6.7, 14.2, 6.7], "texture": "#16"}
			}
		},
		{
			"from": [19, 8, -9],
			"to": [25, 16, -8],
			"faces": {
				"north": {"uv": [2, 8, 8, 15], "texture": "#7"},
				"east": {"uv": [0, 0, 1, 7], "texture": "#7"},
				"south": {"uv": [0, 15, 6, 16], "texture": "#7"},
				"west": {"uv": [0, 3, 1, 10], "texture": "#7"},
				"up": {"uv": [10, 0, 16, 1], "texture": "#7"},
				"down": {"uv": [0, 3, 6, 4], "texture": "#7"}
			}
		},
		{
			"from": [18, 9, -9],
			"to": [19, 15, -8],
			"faces": {
				"north": {"uv": [2, 9, 3, 14], "texture": "#7"},
				"east": {"uv": [0, 0, 1, 7], "texture": "#7"},
				"south": {"uv": [0, 15, 1, 16], "texture": "#7"},
				"west": {"uv": [0, 3, 1, 10], "texture": "#7"},
				"up": {"uv": [0, 0, 1, 1], "texture": "#7"},
				"down": {"uv": [0, 3, 1, 4], "texture": "#7"}
			}
		},
		{
			"from": [25, 9, -9],
			"to": [26, 15, -8],
			"faces": {
				"north": {"uv": [2, 9, 3, 14], "texture": "#7"},
				"east": {"uv": [0, 0, 1, 7], "texture": "#7"},
				"south": {"uv": [0, 13, 16, 16], "texture": "#7"},
				"west": {"uv": [0, 3, 1, 10], "texture": "#7"},
				"up": {"uv": [0, 0, 1, 1], "texture": "#7"},
				"down": {"uv": [0, 3, 1, 4], "texture": "#7"}
			}
		},
		{
			"from": [20, 9, -6],
			"to": [24, 15, 0],
			"faces": {
				"north": {"uv": [6.5, 9.1, 5.8, 13.5], "texture": "#16"},
				"east": {"uv": [2.5, 2.4, 3.5, 9.4], "texture": "#16"},
				"south": {"uv": [2.2, 14.8, 12.8, 13.5], "texture": "#16"},
				"west": {"uv": [0, 3, 1, 10], "texture": "#16"},
				"up": {"uv": [6.2, 8.7, 4.4, 15.7], "texture": "#16"},
				"down": {"uv": [6.1, 7.8, 4.2, 10.6], "texture": "#16"}
			}
		},
		{
			"from": [19, 10, -6],
			"to": [25, 14, 0],
			"faces": {
				"north": {"uv": [4.5, 11.1, 5.8, 12.5], "texture": "#16"},
				"east": {"uv": [2.5, 2.4, 3.5, 9.4], "texture": "#16"},
				"south": {"uv": [2.2, 14.8, 12.8, 13.5], "texture": "#16"},
				"west": {"uv": [0, 3, 1, 10], "texture": "#16"},
				"up": {"uv": [2.2, 1.7, 12.4, 2.7], "texture": "#16"},
				"down": {"uv": [13.1, 6.8, 11.2, 9.6], "texture": "#16"}
			}
		},
		{
			"from": [20, 10, -8],
			"to": [24, 14, 0],
			"faces": {
				"north": {"uv": [8, 0, 9, 1], "texture": "#7"},
				"east": {"uv": [8, 0, 9, 0], "texture": "#7"},
				"south": {"uv": [8, 0, 9, 1], "texture": "#7"},
				"west": {"uv": [8, 0, 9, 1], "texture": "#7"},
				"up": {"uv": [8, 0, 9, 1], "texture": "#7"},
				"down": {"uv": [8, 0, 9, 1], "texture": "#7"}
			}
		},
		{
			"from": [-9, 8, -1],
			"to": [-3, 16, 0],
			"faces": {
				"north": {"uv": [4.5, 7.1, 5.8, 13.5], "texture": "#16"},
				"east": {"uv": [2.5, 2.4, 3.5, 9.4], "texture": "#16"},
				"south": {"uv": [2.2, 14.8, 12.8, 13.5], "texture": "#16"},
				"west": {"uv": [0, 3, 1, 10], "texture": "#16"},
				"up": {"uv": [2.2, 1.7, 2.4, 3.7], "texture": "#16"},
				"down": {"uv": [14.1, 6.7, 14.2, 6.7], "texture": "#16"}
			}
		},
		{
			"from": [5, 9, -1],
			"to": [11, 15, 0],
			"faces": {
				"north": {"uv": [4.5, 7.1, 5.8, 13.5], "texture": "#16"},
				"east": {"uv": [2.5, 2.4, 3.5, 9.4], "texture": "#16"},
				"south": {"uv": [2.2, 14.8, 12.8, 13.5], "texture": "#16"},
				"west": {"uv": [0, 3, 1, 10], "texture": "#16"},
				"up": {"uv": [2.2, 1.7, 2.4, 3.7], "texture": "#16"},
				"down": {"uv": [14.1, 6.7, 14.2, 6.7], "texture": "#16"}
			}
		},
		{
			"from": [7.5, 11, -4],
			"to": [8.5, 13, 0],
			"faces": {
				"north": {"uv": [2, 5, 8, 13], "texture": "#10"},
				"east": {"uv": [0, 0, 1, 7], "texture": "#10"},
				"south": {"uv": [0, 13, 16, 16], "texture": "#10"},
				"west": {"uv": [0, 3, 1, 10], "texture": "#10"},
				"up": {"uv": [0, 0, 6, 1], "texture": "#10"},
				"down": {"uv": [10, 3, 16, 4], "texture": "#10"}
			}
		},
		{
			"from": [7.5, 11, -5],
			"to": [8.5, 12, -4],
			"faces": {
				"north": {"uv": [2, 5, 8, 13], "texture": "#10"},
				"east": {"uv": [0, 0, 1, 7], "texture": "#10"},
				"south": {"uv": [0, 13, 16, 16], "texture": "#10"},
				"west": {"uv": [0, 3, 1, 10], "texture": "#10"},
				"up": {"uv": [0, 0, 6, 1], "texture": "#10"},
				"down": {"uv": [10, 3, 16, 4], "texture": "#10"}
			}
		},
		{
			"from": [7.5, 12, -6],
			"to": [8.5, 13, -5],
			"faces": {
				"north": {"uv": [2, 5, 8, 13], "texture": "#10"},
				"east": {"uv": [0, 0, 1, 7], "texture": "#10"},
				"south": {"uv": [0, 13, 16, 16], "texture": "#10"},
				"west": {"uv": [0, 3, 1, 10], "texture": "#10"},
				"up": {"uv": [0, 0, 6, 1], "texture": "#10"},
				"down": {"uv": [10, 3, 16, 4], "texture": "#10"}
			}
		},
		{
			"from": [7.5, 11.3, -5.7],
			"to": [8.5, 12, -4.3],
			"rotation": {"angle": 45, "axis": "x", "origin": [8, 12, -5]},
			"faces": {
				"north": {"uv": [2, 5, 8, 13], "texture": "#10"},
				"east": {"uv": [0, 0, 1, 7], "texture": "#10"},
				"south": {"uv": [0, 13, 16, 16], "texture": "#10"},
				"west": {"uv": [0, 3, 1, 10], "texture": "#10"},
				"up": {"uv": [0, 0, 6, 1], "texture": "#10"},
				"down": {"uv": [10, 3, 16, 4], "texture": "#10"}
			}
		},
		{
			"from": [-10, 9, -1],
			"to": [-9, 15, 0],
			"faces": {
				"north": {"uv": [0.3, 2.1, 1, 6.5], "texture": "#16"},
				"east": {"uv": [2.5, 2.4, 3.5, 9.4], "texture": "#16"},
				"south": {"uv": [2.2, 14.8, 12.8, 13.5], "texture": "#16"},
				"west": {"uv": [0, 3, 1, 10], "texture": "#16"},
				"up": {"uv": [0, 1.7, 1, 3.7], "texture": "#16"},
				"down": {"uv": [2.3, 6.7, 1, 6.7], "texture": "#16"}
			}
		},
		{
			"from": [-3, 9, -1],
			"to": [-2, 15, 0],
			"faces": {
				"north": {"uv": [2.5, 2.2, 3.2, 7.6], "texture": "#16"},
				"east": {"uv": [2.5, 2.4, 3.5, 9.4], "texture": "#16"},
				"south": {"uv": [7, 11, 7, 11.3], "texture": "#16"},
				"west": {"uv": [1, 2.7, 5, 7], "texture": "#16"},
				"up": {"uv": [15.5, 1.7, 12.4, 3.7], "texture": "#16"},
				"down": {"uv": [9.3, 9.7, 8, 9.7], "texture": "#16"}
			}
		},
		{
			"from": [-9, 10, -6],
			"to": [-3, 14, 0],
			"faces": {
				"north": {"uv": [4.5, 11.1, 5.8, 12.5], "texture": "#16"},
				"east": {"uv": [2.5, 2.4, 3.5, 9.4], "texture": "#16"},
				"south": {"uv": [2.2, 14.8, 12.8, 13.5], "texture": "#16"},
				"west": {"uv": [0, 3, 1, 10], "texture": "#16"},
				"up": {"uv": [2.2, 1.7, 12.4, 2.7], "texture": "#16"},
				"down": {"uv": [13.1, 6.8, 11.2, 9.6], "texture": "#16"}
			}
		},
		{
			"from": [-8, 9, -6],
			"to": [-4, 15, 0],
			"faces": {
				"north": {"uv": [6.5, 9.1, 5.8, 13.5], "texture": "#16"},
				"east": {"uv": [2.5, 2.4, 3.5, 9.4], "texture": "#16"},
				"south": {"uv": [2.2, 14.8, 12.8, 13.5], "texture": "#16"},
				"west": {"uv": [0, 3, 1, 10], "texture": "#16"},
				"up": {"uv": [6.2, 8.7, 4.4, 15.7], "texture": "#16"},
				"down": {"uv": [6.1, 7.8, 4.2, 10.6], "texture": "#16"}
			}
		},
		{
			"from": [-8, 10, -8],
			"to": [-4, 14, 0],
			"faces": {
				"north": {"uv": [8, 0, 9, 1], "texture": "#7"},
				"east": {"uv": [8, 0, 9, 0], "texture": "#7"},
				"south": {"uv": [8, 0, 9, 1], "texture": "#7"},
				"west": {"uv": [8, 0, 9, 1], "texture": "#7"},
				"up": {"uv": [8, 0, 9, 1], "texture": "#7"},
				"down": {"uv": [8, 0, 9, 1], "texture": "#7"}
			}
		},
		{
			"from": [-3, 9, -9],
			"to": [-2, 15, -8],
			"faces": {
				"north": {"uv": [2, 9, 3, 14], "texture": "#7"},
				"east": {"uv": [0, 0, 1, 7], "texture": "#7"},
				"south": {"uv": [0, 13, 16, 16], "texture": "#7"},
				"west": {"uv": [0, 3, 1, 10], "texture": "#7"},
				"up": {"uv": [0, 0, 1, 1], "texture": "#7"},
				"down": {"uv": [0, 3, 1, 4], "texture": "#7"}
			}
		},
		{
			"from": [-9, 8, -9],
			"to": [-3, 16, -8],
			"faces": {
				"north": {"uv": [2, 8, 8, 15], "texture": "#7"},
				"east": {"uv": [0, 0, 1, 7], "texture": "#7"},
				"south": {"uv": [0, 15, 6, 16], "texture": "#7"},
				"west": {"uv": [0, 3, 1, 10], "texture": "#7"},
				"up": {"uv": [10, 0, 16, 1], "texture": "#7"},
				"down": {"uv": [0, 3, 6, 4], "texture": "#7"}
			}
		},
		{
			"from": [-10, 9, -9],
			"to": [-9, 15, -8],
			"faces": {
				"north": {"uv": [2, 9, 3, 14], "texture": "#7"},
				"east": {"uv": [0, 0, 1, 7], "texture": "#7"},
				"south": {"uv": [0, 15, 1, 16], "texture": "#7"},
				"west": {"uv": [0, 3, 1, 10], "texture": "#7"},
				"up": {"uv": [0, 0, 1, 1], "texture": "#7"},
				"down": {"uv": [0, 3, 1, 4], "texture": "#7"}
			}
		},
		{
			"from": [0, 15, 2],
			"to": [16, 16, 16],
			"faces": {
				"north": {"uv": [0, 0, 16, 1], "texture": "#7"},
				"east": {"uv": [0, 0, 14, 1], "texture": "#7"},
				"south": {"uv": [0, 0, 16, 1], "texture": "#7"},
				"west": {"uv": [0, 0, 14, 1], "texture": "#7"},
				"up": {"uv": [1, 16, 15, 2], "texture": "#7"},
				"down": {"uv": [0, 0, 16, 14], "texture": "#7"}
			}
		},
		{
			"from": [16, 15, 2],
			"to": [32, 16, 16],
			"faces": {
				"north": {"uv": [0, 0, 16, 1], "texture": "#7"},
				"east": {"uv": [0, 0, 14, 1], "texture": "#7"},
				"south": {"uv": [0, 0, 16, 1], "texture": "#7"},
				"west": {"uv": [0, 0, 14, 1], "texture": "#7"},
				"up": {"uv": [1, 16, 15, 2], "texture": "#7"},
				"down": {"uv": [0, 0, 16, 14], "texture": "#7"}
			}
		},
		{
			"from": [-16, 15, 2],
			"to": [0, 16, 16],
			"faces": {
				"north": {"uv": [0, 0, 16, 1], "texture": "#7"},
				"east": {"uv": [0, 0, 14, 1], "texture": "#7"},
				"south": {"uv": [0, 0, 16, 1], "texture": "#7"},
				"west": {"uv": [0, 0, 14, 1], "texture": "#7"},
				"up": {"uv": [1, 16, 15, 2], "texture": "#7"},
				"down": {"uv": [0, 0, 16, 14], "texture": "#7"}
			}
		},
		{
			"from": [-15, 13, 2],
			"to": [-13, 15, 16],
			"faces": {
				"north": {"uv": [0, 0, 2, 2], "texture": "#1"},
				"east": {"uv": [0, 0, 14, 2], "texture": "#1"},
				"south": {"uv": [0, 0, 2, 2], "texture": "#1"},
				"west": {"uv": [0, 0, 14, 2], "texture": "#1"},
				"up": {"uv": [0, 0, 2, 14], "texture": "#1"},
				"down": {"uv": [0, 0, 2, 14], "texture": "#1"}
			}
		},
		{
			"from": [29, 13, 2],
			"to": [31, 15, 16],
			"faces": {
				"north": {"uv": [0, 0, 2, 2], "texture": "#1"},
				"east": {"uv": [0, 0, 14, 2], "texture": "#1"},
				"south": {"uv": [0, 0, 2, 2], "texture": "#1"},
				"west": {"uv": [0, 0, 14, 2], "texture": "#1"},
				"up": {"uv": [0, 0, 2, 14], "texture": "#1"},
				"down": {"uv": [0, 0, 2, 14], "texture": "#1"}
			}
		},
		{
			"from": [-15, 8, 0],
			"to": [31, 9, 2],
			"faces": {
				"north": {"uv": [4.7, 10.5, 16, 9.9], "texture": "#16"},
				"east": {"uv": [6.2, 6.5, 8.2, 7.5], "texture": "#16"},
				"south": {"uv": [2.2, 1.8, 12.8, 0.7], "texture": "#16"},
				"west": {"uv": [5, 2.7, 2, 1], "texture": "#16"},
				"up": {"uv": [2.2, 1.7, 12.4, 4.7], "texture": "#16"},
				"down": {"uv": [4.1, 3.7, 14.2, 3.7], "texture": "#16"}
			}
		}
	]
}