{
	"credit": "Made with Blockbench",
	"textures": {
		"4": "Desktop/chute_block",
		"5": "Desktop/Cyan_Terracotta_(texture)_JE1_BE1",
		"8": "Desktop/Red_Concrete_(texture)_JE1_BE1",
		"9": "Downloads/andesite_casing",
		"particle": "Desktop/Smithing_Table_(bottom_texture)_JE1_BE1"
	},
	"elements": [
		{
			"from": [-16, 9, 0],
			"to": [32, 16, 2],
			"faces": {
				"north": {"uv": [2, 9, 14, 12], "texture": "#8"},
				"east": {"uv": [0, 0, 1, 7], "texture": "#8"},
				"south": {"uv": [0, 13, 16, 16], "texture": "#8"},
				"west": {"uv": [0, 3, 1, 10], "texture": "#8"},
				"up": {"uv": [0, 0, 16, 0], "texture": "#8"},
				"down": {"uv": [0, 3, 16, 4], "texture": "#8"}
			}
		},
		{
			"from": [25, 9, -1],
			"to": [26, 15, 0],
			"faces": {
				"north": {"uv": [0, 0, 1, 7], "texture": "#8"},
				"east": {"uv": [0, 0, 1, 7], "texture": "#8"},
				"south": {"uv": [7, 11, 8, 12], "texture": "#8"},
				"west": {"uv": [1, 0, 0, 7], "texture": "#8"},
				"up": {"uv": [15, 0, 16, 1], "texture": "#8"},
				"down": {"uv": [7, 6, 8, 7], "texture": "#8"}
			}
		},
		{
			"from": [18, 9, -1],
			"to": [19, 15, 0],
			"faces": {
				"north": {"uv": [0, 0, 1, 6], "texture": "#8"},
				"east": {"uv": [0, 0, 1, 7], "texture": "#8"},
				"south": {"uv": [0, 13, 16, 16], "texture": "#8"},
				"west": {"uv": [0, 3, 1, 10], "texture": "#8"},
				"up": {"uv": [0, 0, 1, 1], "texture": "#8"},
				"down": {"uv": [0, 3, 1, 4], "texture": "#8"}
			}
		},
		{
			"from": [19, 8, -1],
			"to": [25, 16, 0],
			"faces": {
				"north": {"uv": [2, 5, 8, 13], "texture": "#8"},
				"east": {"uv": [0, 0, 1, 7], "texture": "#8"},
				"south": {"uv": [0, 13, 16, 16], "texture": "#8"},
				"west": {"uv": [0, 3, 1, 10], "texture": "#8"},
				"up": {"uv": [0, 0, 6, 1], "texture": "#8"},
				"down": {"uv": [10, 3, 16, 4], "texture": "#8"}
			}
		},
		{
			"from": [19, 8, -9],
			"to": [25, 16, -8],
			"faces": {
				"north": {"uv": [2, 8, 8, 15], "texture": "#4"},
				"east": {"uv": [0, 0, 1, 7], "texture": "#4"},
				"south": {"uv": [0, 15, 6, 16], "texture": "#4"},
				"west": {"uv": [0, 3, 1, 10], "texture": "#4"},
				"up": {"uv": [10, 0, 16, 1], "texture": "#4"},
				"down": {"uv": [0, 3, 6, 4], "texture": "#4"}
			}
		},
		{
			"from": [18, 9, -9],
			"to": [19, 15, -8],
			"faces": {
				"north": {"uv": [2, 9, 3, 14], "texture": "#4"},
				"east": {"uv": [0, 0, 1, 7], "texture": "#4"},
				"south": {"uv": [0, 15, 1, 16], "texture": "#4"},
				"west": {"uv": [0, 3, 1, 10], "texture": "#4"},
				"up": {"uv": [0, 0, 1, 1], "texture": "#4"},
				"down": {"uv": [0, 3, 1, 4], "texture": "#4"}
			}
		},
		{
			"from": [25, 9, -9],
			"to": [26, 15, -8],
			"faces": {
				"north": {"uv": [2, 9, 3, 14], "texture": "#4"},
				"east": {"uv": [0, 0, 1, 7], "texture": "#4"},
				"south": {"uv": [0, 13, 16, 16], "texture": "#4"},
				"west": {"uv": [0, 3, 1, 10], "texture": "#4"},
				"up": {"uv": [0, 0, 1, 1], "texture": "#4"},
				"down": {"uv": [0, 3, 1, 4], "texture": "#4"}
			}
		},
		{
			"from": [20, 9, -6],
			"to": [24, 15, 0],
			"faces": {
				"north": {"uv": [4, 7, 8, 13], "texture": "#8"},
				"east": {"uv": [0, 0, 1, 7], "texture": "#8"},
				"south": {"uv": [0, 13, 16, 16], "texture": "#8"},
				"west": {"uv": [0, 3, 1, 10], "texture": "#8"},
				"up": {"uv": [4, 7, 8, 13], "texture": "#8"},
				"down": {"uv": [2, 3, 6, 9], "texture": "#8"}
			}
		},
		{
			"from": [19, 10, -6],
			"to": [25, 14, 0],
			"faces": {
				"north": {"uv": [2, 9, 8, 12], "texture": "#8"},
				"east": {"uv": [0, 0, 1, 7], "texture": "#8"},
				"south": {"uv": [0, 13, 16, 16], "texture": "#8"},
				"west": {"uv": [0, 3, 1, 10], "texture": "#8"},
				"up": {"uv": [0, 0, 16, 0], "texture": "#8"},
				"down": {"uv": [9, 2, 13, 8], "texture": "#8"}
			}
		},
		{
			"from": [20, 10, -8],
			"to": [24, 14, 0],
			"faces": {
				"north": {"uv": [8, 0, 9, 1], "texture": "#4"},
				"east": {"uv": [8, 0, 9, 0], "texture": "#4"},
				"south": {"uv": [8, 0, 9, 1], "texture": "#4"},
				"west": {"uv": [8, 0, 9, 1], "texture": "#4"},
				"up": {"uv": [8, 0, 9, 1], "texture": "#4"},
				"down": {"uv": [8, 0, 9, 1], "texture": "#4"}
			}
		},
		{
			"from": [-9, 8, -1],
			"to": [-3, 16, 0],
			"faces": {
				"north": {"uv": [2, 5, 8, 13], "texture": "#8"},
				"east": {"uv": [0, 0, 1, 7], "texture": "#8"},
				"south": {"uv": [0, 13, 16, 16], "texture": "#8"},
				"west": {"uv": [0, 3, 1, 10], "texture": "#8"},
				"up": {"uv": [0, 0, 6, 1], "texture": "#8"},
				"down": {"uv": [10, 3, 16, 4], "texture": "#8"}
			}
		},
		{
			"from": [5, 9, -1],
			"to": [11, 15, 0],
			"faces": {
				"north": {"uv": [2, 5, 8, 13], "texture": "#8"},
				"east": {"uv": [0, 0, 1, 7], "texture": "#8"},
				"south": {"uv": [0, 13, 16, 16], "texture": "#8"},
				"west": {"uv": [0, 3, 1, 10], "texture": "#8"},
				"up": {"uv": [0, 0, 6, 1], "texture": "#8"},
				"down": {"uv": [10, 3, 16, 4], "texture": "#8"}
			}
		},
		{
			"from": [7.5, 11, -4],
			"to": [8.5, 13, 0],
			"faces": {
				"north": {"uv": [2, 5, 8, 13], "texture": "#5"},
				"east": {"uv": [0, 0, 1, 7], "texture": "#5"},
				"south": {"uv": [0, 13, 16, 16], "texture": "#5"},
				"west": {"uv": [0, 3, 1, 10], "texture": "#5"},
				"up": {"uv": [0, 0, 6, 1], "texture": "#5"},
				"down": {"uv": [10, 3, 16, 4], "texture": "#5"}
			}
		},
		{
			"from": [7.5, 11, -5],
			"to": [8.5, 12, -4],
			"faces": {
				"north": {"uv": [2, 5, 8, 13], "texture": "#5"},
				"east": {"uv": [0, 0, 1, 7], "texture": "#5"},
				"south": {"uv": [0, 13, 16, 16], "texture": "#5"},
				"west": {"uv": [0, 3, 1, 10], "texture": "#5"},
				"up": {"uv": [0, 0, 6, 1], "texture": "#5"},
				"down": {"uv": [10, 3, 16, 4], "texture": "#5"}
			}
		},
		{
			"from": [7.5, 12, -6],
			"to": [8.5, 13, -5],
			"faces": {
				"north": {"uv": [2, 5, 8, 13], "texture": "#5"},
				"east": {"uv": [0, 0, 1, 7], "texture": "#5"},
				"south": {"uv": [0, 13, 16, 16], "texture": "#5"},
				"west": {"uv": [0, 3, 1, 10], "texture": "#5"},
				"up": {"uv": [0, 0, 6, 1], "texture": "#5"},
				"down": {"uv": [10, 3, 16, 4], "texture": "#5"}
			}
		},
		{
			"from": [7.5, 11.3, -5.7],
			"to": [8.5, 12, -4.3],
			"rotation": {"angle": 45, "axis": "x", "origin": [8, 12, -5]},
			"faces": {
				"north": {"uv": [2, 5, 8, 13], "texture": "#5"},
				"east": {"uv": [0, 0, 1, 7], "texture": "#5"},
				"south": {"uv": [0, 13, 16, 16], "texture": "#5"},
				"west": {"uv": [0, 3, 1, 10], "texture": "#5"},
				"up": {"uv": [0, 0, 6, 1], "texture": "#5"},
				"down": {"uv": [10, 3, 16, 4], "texture": "#5"}
			}
		},
		{
			"from": [-10, 9, -1],
			"to": [-9, 15, 0],
			"faces": {
				"north": {"uv": [0, 0, 1, 6], "texture": "#8"},
				"east": {"uv": [0, 0, 1, 7], "texture": "#8"},
				"south": {"uv": [0, 13, 16, 16], "texture": "#8"},
				"west": {"uv": [0, 3, 1, 10], "texture": "#8"},
				"up": {"uv": [0, 0, 1, 1], "texture": "#8"},
				"down": {"uv": [0, 3, 1, 4], "texture": "#8"}
			}
		},
		{
			"from": [-3, 9, -1],
			"to": [-2, 15, 0],
			"faces": {
				"north": {"uv": [0, 0, 1, 7], "texture": "#8"},
				"east": {"uv": [0, 0, 1, 7], "texture": "#8"},
				"south": {"uv": [7, 11, 8, 12], "texture": "#8"},
				"west": {"uv": [1, 0, 0, 7], "texture": "#8"},
				"up": {"uv": [15, 0, 16, 1], "texture": "#8"},
				"down": {"uv": [7, 6, 8, 7], "texture": "#8"}
			}
		},
		{
			"from": [-9, 10, -6],
			"to": [-3, 14, 0],
			"faces": {
				"north": {"uv": [2, 9, 8, 12], "texture": "#8"},
				"east": {"uv": [0, 0, 1, 7], "texture": "#8"},
				"south": {"uv": [0, 13, 16, 16], "texture": "#8"},
				"west": {"uv": [0, 3, 1, 10], "texture": "#8"},
				"up": {"uv": [0, 0, 16, 0], "texture": "#8"},
				"down": {"uv": [9, 2, 13, 8], "texture": "#8"}
			}
		},
		{
			"from": [-8, 9, -6],
			"to": [-4, 15, 0],
			"faces": {
				"north": {"uv": [4, 7, 8, 13], "texture": "#8"},
				"east": {"uv": [0, 0, 1, 7], "texture": "#8"},
				"south": {"uv": [0, 13, 16, 16], "texture": "#8"},
				"west": {"uv": [0, 3, 1, 10], "texture": "#8"},
				"up": {"uv": [4, 7, 8, 13], "texture": "#8"},
				"down": {"uv": [2, 3, 6, 9], "texture": "#8"}
			}
		},
		{
			"from": [-8, 10, -8],
			"to": [-4, 14, 0],
			"faces": {
				"north": {"uv": [8, 0, 9, 1], "texture": "#4"},
				"east": {"uv": [8, 0, 9, 0], "texture": "#4"},
				"south": {"uv": [8, 0, 9, 1], "texture": "#4"},
				"west": {"uv": [8, 0, 9, 1], "texture": "#4"},
				"up": {"uv": [8, 0, 9, 1], "texture": "#4"},
				"down": {"uv": [8, 0, 9, 1], "texture": "#4"}
			}
		},
		{
			"from": [-3, 9, -9],
			"to": [-2, 15, -8],
			"faces": {
				"north": {"uv": [2, 9, 3, 14], "texture": "#4"},
				"east": {"uv": [0, 0, 1, 7], "texture": "#4"},
				"south": {"uv": [0, 13, 16, 16], "texture": "#4"},
				"west": {"uv": [0, 3, 1, 10], "texture": "#4"},
				"up": {"uv": [0, 0, 1, 1], "texture": "#4"},
				"down": {"uv": [0, 3, 1, 4], "texture": "#4"}
			}
		},
		{
			"from": [-9, 8, -9],
			"to": [-3, 16, -8],
			"faces": {
				"north": {"uv": [2, 8, 8, 15], "texture": "#4"},
				"east": {"uv": [0, 0, 1, 7], "texture": "#4"},
				"south": {"uv": [0, 15, 6, 16], "texture": "#4"},
				"west": {"uv": [0, 3, 1, 10], "texture": "#4"},
				"up": {"uv": [10, 0, 16, 1], "texture": "#4"},
				"down": {"uv": [0, 3, 6, 4], "texture": "#4"}
			}
		},
		{
			"from": [-10, 9, -9],
			"to": [-9, 15, -8],
			"faces": {
				"north": {"uv": [2, 9, 3, 14], "texture": "#4"},
				"east": {"uv": [0, 0, 1, 7], "texture": "#4"},
				"south": {"uv": [0, 15, 1, 16], "texture": "#4"},
				"west": {"uv": [0, 3, 1, 10], "texture": "#4"},
				"up": {"uv": [0, 0, 1, 1], "texture": "#4"},
				"down": {"uv": [0, 3, 1, 4], "texture": "#4"}
			}
		},
		{
			"from": [0, 15, 2],
			"to": [16, 16, 16],
			"faces": {
				"north": {"uv": [0, 0, 16, 1], "texture": "#4"},
				"east": {"uv": [0, 0, 14, 1], "texture": "#4"},
				"south": {"uv": [0, 0, 16, 1], "texture": "#4"},
				"west": {"uv": [0, 0, 14, 1], "texture": "#4"},
				"up": {"uv": [1, 16, 15, 2], "texture": "#4"},
				"down": {"uv": [0, 0, 16, 14], "texture": "#4"}
			}
		},
		{
			"from": [16, 15, 2],
			"to": [32, 16, 16],
			"faces": {
				"north": {"uv": [0, 0, 16, 1], "texture": "#4"},
				"east": {"uv": [0, 0, 14, 1], "texture": "#4"},
				"south": {"uv": [0, 0, 16, 1], "texture": "#4"},
				"west": {"uv": [0, 0, 14, 1], "texture": "#4"},
				"up": {"uv": [1, 16, 15, 2], "texture": "#4"},
				"down": {"uv": [0, 0, 16, 14], "texture": "#4"}
			}
		},
		{
			"from": [-16, 15, 2],
			"to": [0, 16, 16],
			"faces": {
				"north": {"uv": [0, 0, 16, 1], "texture": "#4"},
				"east": {"uv": [0, 0, 14, 1], "texture": "#4"},
				"south": {"uv": [0, 0, 16, 1], "texture": "#4"},
				"west": {"uv": [0, 0, 14, 1], "texture": "#4"},
				"up": {"uv": [1, 16, 15, 2], "texture": "#4"},
				"down": {"uv": [0, 0, 16, 14], "texture": "#4"}
			}
		},
		{
			"from": [-15, 13, 2],
			"to": [-13, 15, 16],
			"faces": {
				"north": {"uv": [0, 0, 2, 2], "texture": "#9"},
				"east": {"uv": [0, 0, 14, 2], "texture": "#9"},
				"south": {"uv": [0, 0, 2, 2], "texture": "#9"},
				"west": {"uv": [0, 0, 14, 2], "texture": "#9"},
				"up": {"uv": [0, 0, 2, 14], "texture": "#9"},
				"down": {"uv": [0, 0, 2, 14], "texture": "#9"}
			}
		},
		{
			"from": [29, 13, 2],
			"to": [31, 15, 16],
			"faces": {
				"north": {"uv": [0, 0, 2, 2], "texture": "#9"},
				"east": {"uv": [0, 0, 14, 2], "texture": "#9"},
				"south": {"uv": [0, 0, 2, 2], "texture": "#9"},
				"west": {"uv": [0, 0, 14, 2], "texture": "#9"},
				"up": {"uv": [0, 0, 2, 14], "texture": "#9"},
				"down": {"uv": [0, 0, 2, 14], "texture": "#9"}
			}
		},
		{
			"from": [-15, 8, 0],
			"to": [31, 9, 2],
			"faces": {
				"north": {"uv": [0, 0, 16, 1], "texture": "#8"},
				"east": {"uv": [0, 0, 2, 1], "texture": "#8"},
				"south": {"uv": [0, 0, 16, 1], "texture": "#8"},
				"west": {"uv": [0, 0, 2, 1], "texture": "#8"},
				"up": {"uv": [0, 0, 16, 2], "texture": "#8"},
				"down": {"uv": [0, 0, 16, 1], "texture": "#8"}
			}
		}
	]
}