{
	"credit": "Made with Blockbench",
	"textures": {
		"3": "chute_block",
		"5": "brass_block",
		"particle": "andesite_bricks"
	},
	"elements": [
		{
			"from": [4, 0, 6.4],
			"to": [12, 9, 9.6],
			"rotation": {"angle": 0, "axis": "y", "origin": [8, -8, 8]},
			"faces": {
				"north": {"uv": [0, 0, 16, 6.4], "texture": "#3"},
				"east": {"uv": [0, 0, 16, 6.4], "texture": "#3"},
				"south": {"uv": [0, 0, 16, 6.4], "texture": "#3"},
				"west": {"uv": [0, 0, 16, 6.4], "texture": "#3"},
				"up": {"uv": [0, 0, 16, 16], "texture": "#3"},
				"down": {"uv": [0, 0, 16, 16], "texture": "#3"}
			}
		},
		{
			"from": [6.4, 0, 4],
			"to": [9.6, 9, 12],
			"rotation": {"angle": 0, "axis": "y", "origin": [8, -8, 8]},
			"faces": {
				"north": {"uv": [0, 0, 16, 6.4], "texture": "#3"},
				"east": {"uv": [0, 0, 16, 6.4], "texture": "#3"},
				"south": {"uv": [0, 0, 16, 6.4], "texture": "#3"},
				"west": {"uv": [0, 0, 16, 6.4], "texture": "#3"},
				"up": {"uv": [0, 0, 16, 16], "rotation": 270, "texture": "#3"},
				"down": {"uv": [0, 0, 16, 16], "rotation": 90, "texture": "#3"}
			}
		},
		{
			"from": [6.8, 9, 5],
			"to": [9.2, 22, 11],
			"rotation": {"angle": 0, "axis": "y", "origin": [8, -8, 8]},
			"faces": {
				"north": {"uv": [0, 0, 16, 6.4], "texture": "#3"},
				"east": {"uv": [0, 0, 16, 6.4], "texture": "#3"},
				"south": {"uv": [0, 0, 16, 6.4], "texture": "#3"},
				"west": {"uv": [0, 0, 16, 6.4], "texture": "#3"},
				"up": {"uv": [0, 0, 16, 16], "rotation": 270, "texture": "#3"},
				"down": {"uv": [0, 0, 16, 16], "rotation": 90, "texture": "#3"}
			}
		},
		{
			"from": [5, 9, 6.8],
			"to": [11, 22, 9.2],
			"rotation": {"angle": 0, "axis": "y", "origin": [8, -8, 8]},
			"faces": {
				"north": {"uv": [0, 0, 16, 6.4], "texture": "#3"},
				"east": {"uv": [0, 0, 16, 6.4], "texture": "#3"},
				"south": {"uv": [0, 0, 16, 6.4], "texture": "#3"},
				"west": {"uv": [0, 0, 16, 6.4], "texture": "#3"},
				"up": {"uv": [0, 0, 16, 16], "rotation": 180, "texture": "#3"},
				"down": {"uv": [0, 0, 16, 16], "rotation": 180, "texture": "#3"}
			}
		},
		{
			"from": [5, 9, 6.7],
			"to": [11, 22, 9.3],
			"rotation": {"angle": 45, "axis": "y", "origin": [8, -8, 8]},
			"faces": {
				"north": {"uv": [0, 0, 16, 6.4], "texture": "#3"},
				"east": {"uv": [0, 0, 16, 6.4], "texture": "#3"},
				"south": {"uv": [0, 0, 16, 6.4], "texture": "#3"},
				"west": {"uv": [0, 0, 16, 6.4], "texture": "#3"},
				"up": {"uv": [0, 0, 16, 16], "rotation": 180, "texture": "#3"},
				"down": {"uv": [0, 0, 16, 16], "rotation": 180, "texture": "#3"}
			}
		},
		{
			"from": [5, 9, 6.7],
			"to": [11, 22, 9.3],
			"rotation": {"angle": -45, "axis": "y", "origin": [8, -8, 8]},
			"faces": {
				"north": {"uv": [0, 0, 16, 6.4], "texture": "#3"},
				"east": {"uv": [0, 0, 16, 6.4], "texture": "#3"},
				"south": {"uv": [0, 0, 16, 6.4], "texture": "#3"},
				"west": {"uv": [0, 0, 16, 6.4], "texture": "#3"},
				"up": {"uv": [0, 0, 16, 16], "rotation": 180, "texture": "#3"},
				"down": {"uv": [0, 0, 16, 16], "rotation": 180, "texture": "#3"}
			}
		},
		{
			"from": [10.5, 23, 6.6],
			"to": [11.5, 26, 9.4001],
			"rotation": {"angle": 0, "axis": "y", "origin": [8, -8, 8]},
			"faces": {
				"north": {"uv": [2, 2, 14, 11.4], "texture": "#5"},
				"east": {"uv": [2, 2, 14, 12], "texture": "#5"},
				"south": {"uv": [2, 2, 14, 12.4], "texture": "#5"},
				"west": {"uv": [2, 2, 14, 11.4], "texture": "#5"},
				"up": {"uv": [2, 2, 14, 14], "rotation": 180, "texture": "#5"},
				"down": {"uv": [2, 2, 14, 14], "rotation": 180, "texture": "#5"}
			}
		},
		{
			"from": [4.5, 23, 6.49999],
			"to": [5.5, 26, 9.49999],
			"rotation": {"angle": -45, "axis": "y", "origin": [8, -8, 8]},
			"faces": {
				"north": {"uv": [2, 2, 14, 11.4], "texture": "#5"},
				"east": {"uv": [2, 2, 14, 12], "texture": "#5"},
				"south": {"uv": [2, 2, 14, 12.4], "texture": "#5"},
				"west": {"uv": [2, 2, 14, 11.4], "texture": "#5"},
				"up": {"uv": [2, 2, 14, 14], "rotation": 180, "texture": "#5"},
				"down": {"uv": [2, 2, 14, 14], "rotation": 180, "texture": "#5"}
			}
		},
		{
			"from": [6.5, 23, 4.5001],
			"to": [9.5, 26, 5.5021],
			"rotation": {"angle": 0, "axis": "y", "origin": [8, -8, 8]},
			"faces": {
				"north": {"uv": [2, 2, 14, 11.4], "texture": "#5"},
				"east": {"uv": [2, 2, 14, 12], "texture": "#5"},
				"south": {"uv": [2, 2, 14, 12.4], "texture": "#5"},
				"west": {"uv": [2, 2, 14, 11.4], "texture": "#5"},
				"up": {"uv": [2, 2, 14, 14], "rotation": 270, "texture": "#5"},
				"down": {"uv": [2, 2, 14, 14], "rotation": 90, "texture": "#5"}
			}
		},
		{
			"from": [10.5, 23, 6.5],
			"to": [11.5, 26, 9.5],
			"rotation": {"angle": 45, "axis": "y", "origin": [8, -8, 8]},
			"faces": {
				"north": {"uv": [2, 2, 14, 11.4], "texture": "#5"},
				"east": {"uv": [2, 2, 14, 12], "texture": "#5"},
				"south": {"uv": [2, 2, 14, 12.4], "texture": "#5"},
				"west": {"uv": [2, 2, 14, 11.4], "texture": "#5"},
				"up": {"uv": [2, 2, 14, 14], "rotation": 180, "texture": "#5"},
				"down": {"uv": [2, 2, 14, 14], "rotation": 180, "texture": "#5"}
			}
		},
		{
			"from": [4.5, 23, 6.5999],
			"to": [5.5, 26, 9.4],
			"rotation": {"angle": 0, "axis": "y", "origin": [8, -8, 8]},
			"faces": {
				"north": {"uv": [2, 2, 14, 11.4], "texture": "#5"},
				"east": {"uv": [2, 2, 14, 11.4], "texture": "#5"},
				"south": {"uv": [2, 2, 14, 12.4], "texture": "#5"},
				"west": {"uv": [2, 2, 14, 12], "texture": "#5"},
				"up": {"uv": [2, 2, 14, 14], "texture": "#5"},
				"down": {"uv": [2, 2, 14, 14], "texture": "#5"}
			}
		},
		{
			"from": [4.5, 23, 6.5],
			"to": [5.5, 26, 9.5],
			"rotation": {"angle": 45, "axis": "y", "origin": [8, -8, 8]},
			"faces": {
				"north": {"uv": [4, 4, 12, 14], "texture": "#5"},
				"east": {"uv": [4, 4, 12, 14], "texture": "#5"},
				"south": {"uv": [4, 4, 12, 14], "texture": "#5"},
				"west": {"uv": [4, 4, 12, 14], "texture": "#5"},
				"up": {"uv": [4, 4, 12, 12], "texture": "#5"},
				"down": {"uv": [4, 4, 12, 12], "texture": "#5"}
			}
		},
		{
			"from": [6.5, 23, 10.4979],
			"to": [9.5, 26, 11.4999],
			"rotation": {"angle": 0, "axis": "y", "origin": [8, -8, 8]},
			"faces": {
				"north": {"uv": [2, 2, 14, 11.4], "texture": "#5"},
				"east": {"uv": [2, 2, 14, 11.4], "texture": "#5"},
				"south": {"uv": [2, 2, 14, 12.4], "texture": "#5"},
				"west": {"uv": [2, 2, 14, 12], "texture": "#5"},
				"up": {"uv": [2, 2, 14, 14], "rotation": 90, "texture": "#5"},
				"down": {"uv": [2, 2, 14, 14], "rotation": 270, "texture": "#5"}
			}
		},
		{
			"from": [6.49999, 23, 10.5],
			"to": [9.49999, 26, 11.5],
			"rotation": {"angle": 45, "axis": "y", "origin": [8, -8, 8]},
			"faces": {
				"north": {"uv": [2, 2, 14, 12], "texture": "#5"},
				"east": {"uv": [2, 2, 14, 11.4], "texture": "#5"},
				"south": {"uv": [2, 2, 14, 12.4], "texture": "#5"},
				"west": {"uv": [2, 2, 14, 11.4], "texture": "#5"},
				"up": {"uv": [2, 2, 14, 14], "rotation": 90, "texture": "#5"},
				"down": {"uv": [2, 2, 14, 14], "rotation": 270, "texture": "#5"}
			}
		},
		{
			"from": [6.5, 9, 10.4979],
			"to": [9.5, 23, 11.4999],
			"rotation": {"angle": 0, "axis": "y", "origin": [8, -8, 8]},
			"faces": {
				"north": {"uv": [2, 2, 14, 14.4], "texture": "#3"},
				"east": {"uv": [2, 2, 14, 14.4], "texture": "#3"},
				"south": {"uv": [2, 2, 14, 14.4], "texture": "#3"},
				"west": {"uv": [2, 2, 14, 15], "texture": "#3"},
				"up": {"uv": [2, 2, 14, 15], "rotation": 90, "texture": "#3"},
				"down": {"uv": [2, 2, 14, 15], "rotation": 270, "texture": "#3"}
			}
		},
		{
			"from": [6.49999, 9, 10.5],
			"to": [9.49999, 23, 11.5],
			"rotation": {"angle": 45, "axis": "y", "origin": [8, -8, 8]},
			"faces": {
				"north": {"uv": [2, 2, 14, 15], "texture": "#3"},
				"east": {"uv": [2, 2, 14, 14.4], "texture": "#3"},
				"south": {"uv": [2, 2, 14, 14.4], "texture": "#3"},
				"west": {"uv": [2, 2, 14, 14.4], "texture": "#3"},
				"up": {"uv": [2, 2, 14, 15], "rotation": 90, "texture": "#3"},
				"down": {"uv": [2, 2, 14, 15], "rotation": 270, "texture": "#3"}
			}
		},
		{
			"from": [10.5, 9, 6.6],
			"to": [11.5, 23, 9.4001],
			"rotation": {"angle": 0, "axis": "y", "origin": [8, -8, 8]},
			"faces": {
				"north": {"uv": [2, 2, 14, 14.4], "texture": "#3"},
				"east": {"uv": [2, 2, 14, 15], "texture": "#3"},
				"south": {"uv": [2, 2, 14, 14.4], "texture": "#3"},
				"west": {"uv": [2, 2, 14, 14.4], "texture": "#3"},
				"up": {"uv": [2, 2, 14, 15], "rotation": 180, "texture": "#3"},
				"down": {"uv": [2, 2, 14, 15], "rotation": 180, "texture": "#3"}
			}
		},
		{
			"from": [10.5, 9, 6.5],
			"to": [11.5, 23, 9.5],
			"rotation": {"angle": 45, "axis": "y", "origin": [8, -8, 8]},
			"faces": {
				"north": {"uv": [2, 2, 14, 14.4], "texture": "#3"},
				"east": {"uv": [2, 2, 14, 15], "texture": "#3"},
				"south": {"uv": [2, 2, 14, 14.4], "texture": "#3"},
				"west": {"uv": [2, 2, 14, 14.4], "texture": "#3"},
				"up": {"uv": [2, 2, 14, 15], "rotation": 180, "texture": "#3"},
				"down": {"uv": [2, 2, 14, 15], "rotation": 180, "texture": "#3"}
			}
		},
		{
			"from": [4.5, 9, 6.49999],
			"to": [5.5, 23, 9.49999],
			"rotation": {"angle": -45, "axis": "y", "origin": [8, -8, 8]},
			"faces": {
				"north": {"uv": [2, 2, 14, 14.4], "texture": "#3"},
				"east": {"uv": [2, 2, 14, 15], "texture": "#3"},
				"south": {"uv": [2, 2, 14, 14.4], "texture": "#3"},
				"west": {"uv": [2, 2, 14, 14.4], "texture": "#3"},
				"up": {"uv": [2, 2, 14, 15], "rotation": 180, "texture": "#3"},
				"down": {"uv": [2, 2, 14, 15], "rotation": 180, "texture": "#3"}
			}
		},
		{
			"from": [6.5, 9, 4.5001],
			"to": [9.5, 23, 5.5021],
			"rotation": {"angle": 0, "axis": "y", "origin": [8, -8, 8]},
			"faces": {
				"north": {"uv": [2, 2, 14, 14.4], "texture": "#3"},
				"east": {"uv": [2, 2, 14, 15], "texture": "#3"},
				"south": {"uv": [2, 2, 14, 14.4], "texture": "#3"},
				"west": {"uv": [2, 2, 14, 14.4], "texture": "#3"},
				"up": {"uv": [2, 2, 14, 15], "rotation": 270, "texture": "#3"},
				"down": {"uv": [2, 2, 14, 15], "rotation": 90, "texture": "#3"}
			}
		},
		{
			"from": [4.5, 9, 6.5999],
			"to": [5.5, 23, 9.4],
			"rotation": {"angle": 0, "axis": "y", "origin": [8, -8, 8]},
			"faces": {
				"north": {"uv": [2, 2, 14, 14.4], "texture": "#3"},
				"east": {"uv": [2, 2, 14, 14.4], "texture": "#3"},
				"south": {"uv": [2, 2, 14, 14.4], "texture": "#3"},
				"west": {"uv": [2, 2, 14, 15], "texture": "#3"},
				"up": {"uv": [2, 2, 14, 15], "texture": "#3"},
				"down": {"uv": [2, 2, 14, 15], "texture": "#3"}
			}
		},
		{
			"from": [4.5, 9, 6.5],
			"to": [5.5, 23, 9.5],
			"rotation": {"angle": 45, "axis": "y", "origin": [8, -8, 8]},
			"faces": {
				"north": {"uv": [2, 2, 14, 14.4], "texture": "#3"},
				"east": {"uv": [2, 2, 14, 14.4], "texture": "#3"},
				"south": {"uv": [2, 2, 14, 14.4], "texture": "#3"},
				"west": {"uv": [2, 2, 14, 15], "texture": "#3"},
				"up": {"uv": [2, 2, 14, 15], "texture": "#3"},
				"down": {"uv": [2, 2, 14, 15], "texture": "#3"}
			}
		},
		{
			"from": [6.3, 0, 4],
			"to": [9.7, 9, 12],
			"rotation": {"angle": 45, "axis": "y", "origin": [8, -8, 8]},
			"faces": {
				"north": {"uv": [0, 0, 16, 6.4], "texture": "#3"},
				"east": {"uv": [0, 0, 16, 6.4], "texture": "#3"},
				"south": {"uv": [0, 0, 16, 6.4], "texture": "#3"},
				"west": {"uv": [0, 0, 16, 6.4], "texture": "#3"},
				"up": {"uv": [0, 0, 16, 16], "rotation": 270, "texture": "#3"},
				"down": {"uv": [0, 0, 16, 16], "rotation": 90, "texture": "#3"}
			}
		},
		{
			"from": [4, 0, 6.3],
			"to": [12, 9, 9.7],
			"rotation": {"angle": 45, "axis": "y", "origin": [8, -8, 8]},
			"faces": {
				"north": {"uv": [0, 0, 16, 6.4], "texture": "#3"},
				"east": {"uv": [0, 0, 16, 6.4], "texture": "#3"},
				"south": {"uv": [0, 0, 16, 6.4], "texture": "#3"},
				"west": {"uv": [0, 0, 16, 6.4], "texture": "#3"},
				"up": {"uv": [0, 0, 16, 16], "rotation": 180, "texture": "#3"},
				"down": {"uv": [0, 0, 16, 16], "rotation": 180, "texture": "#3"}
			}
		},
		{
			"from": [4, 24, 6.3002],
			"to": [12, 25, 9.7002],
			"rotation": {"angle": 45, "axis": "y", "origin": [8, -8, 8]},
			"faces": {
				"north": {"uv": [2, 2, 14, 11.4], "texture": "#5"},
				"east": {"uv": [2, 2, 14, 11.4], "texture": "#5"},
				"south": {"uv": [2, 2, 14, 12.4], "texture": "#5"},
				"west": {"uv": [2, 2, 14, 11.4], "texture": "#5"},
				"up": {"uv": [2, 2, 14, 14], "rotation": 180, "texture": "#5"},
				"down": {"uv": [2, 2, 14, 14], "rotation": 180, "texture": "#5"}
			}
		},
		{
			"from": [4, 24, 6.4],
			"to": [12, 25, 9.6],
			"rotation": {"angle": 0, "axis": "y", "origin": [8, -8, 8]},
			"faces": {
				"north": {"uv": [2, 2, 14, 11.4], "texture": "#5"},
				"east": {"uv": [2, 2, 14, 11.4], "texture": "#5"},
				"south": {"uv": [2, 2, 14, 12.4], "texture": "#5"},
				"west": {"uv": [2, 2, 14, 11.4], "texture": "#5"},
				"up": {"uv": [2, 2, 14, 14], "texture": "#5"},
				"down": {"uv": [2, 2, 14, 14], "texture": "#5"}
			}
		},
		{
			"from": [6.4, 24, 4],
			"to": [9.6, 25, 12],
			"rotation": {"angle": 0, "axis": "y", "origin": [8, -8, 8]},
			"faces": {
				"north": {"uv": [2, 2, 14, 11.4], "texture": "#5"},
				"east": {"uv": [2, 2, 14, 11.4], "texture": "#5"},
				"south": {"uv": [2, 2, 14, 12.4], "texture": "#5"},
				"west": {"uv": [2, 2, 14, 11.4], "texture": "#5"},
				"up": {"uv": [2, 2, 14, 14], "rotation": 270, "texture": "#5"},
				"down": {"uv": [2, 2, 14, 14], "rotation": 90, "texture": "#5"}
			}
		},
		{
			"from": [6.3, 24, 4.002],
			"to": [9.7, 25, 12.002],
			"rotation": {"angle": 45, "axis": "y", "origin": [8, -8, 8]},
			"faces": {
				"north": {"uv": [2, 2, 14, 11.4], "texture": "#5"},
				"east": {"uv": [2, 2, 14, 11.4], "texture": "#5"},
				"south": {"uv": [2, 2, 14, 12.4], "texture": "#5"},
				"west": {"uv": [2, 2, 14, 11.4], "texture": "#5"},
				"up": {"uv": [2, 2, 14, 14], "rotation": 270, "texture": "#5"},
				"down": {"uv": [2, 2, 14, 14], "rotation": 90, "texture": "#5"}
			}
		}
	]
}