{
	"credit": "Made with Blockbench",
	"textures": {
		"0": "chute_block",
		"particle": "chute_block"
	},
	"elements": [
		{
			"from": [7.1, 0, 6],
			"to": [8.9, 11, 10],
			"rotation": {"angle": 0, "axis": "y", "origin": [8, 0, 8]},
			"faces": {
				"north": {"uv": [0, 0, 1.8, 11], "texture": "#0"},
				"east": {"uv": [0, 0, 4, 11], "texture": "#0"},
				"south": {"uv": [0, 0, 1.8, 11], "texture": "#0"},
				"west": {"uv": [0, 0, 4, 11], "texture": "#0"},
				"up": {"uv": [0, 0, 1.8, 4], "texture": "#0"},
				"down": {"uv": [0, 0, 1.8, 4], "texture": "#0"}
			}
		},
		{
			"from": [7.1, 0, 6],
			"to": [8.9, 11, 10],
			"rotation": {"angle": 0, "axis": "y", "origin": [8, 0, 8]},
			"faces": {
				"north": {"uv": [0, 0, 1.8, 11], "texture": "#0"},
				"east": {"uv": [0, 0, 4, 11], "texture": "#0"},
				"south": {"uv": [0, 0, 1.8, 11], "texture": "#0"},
				"west": {"uv": [0, 0, 4, 11], "texture": "#0"},
				"up": {"uv": [0, 0, 1.8, 4], "texture": "#0"},
				"down": {"uv": [0, 0, 1.8, 4], "texture": "#0"}
			}
		},
		{
			"from": [7.4, 11, 6.5],
			"to": [8.60005, 20.001, 9.5],
			"rotation": {"angle": 0, "axis": "y", "origin": [8, 14, 8]},
			"faces": {
				"north": {"uv": [0, 0, 1.20005, 9.001], "texture": "#0"},
				"east": {"uv": [0, 0, 3, 9.001], "texture": "#0"},
				"south": {"uv": [0, 0, 1.20005, 9.001], "texture": "#0"},
				"west": {"uv": [0, 0, 3, 9.001], "texture": "#0"},
				"up": {"uv": [0, 0, 1.20005, 3], "texture": "#0"},
				"down": {"uv": [0, 0, 1.20005, 3], "texture": "#0"}
			}
		},
		{
			"from": [6.5, 11, 7.4001],
			"to": [9.5, 20.003, 8.6003],
			"rotation": {"angle": 0, "axis": "y", "origin": [8, 14, 8]},
			"faces": {
				"north": {"uv": [0, 0, 3, 9.003], "texture": "#0"},
				"east": {"uv": [0, 0, 1.2002, 9.003], "texture": "#0"},
				"south": {"uv": [0, 0, 3, 9.003], "texture": "#0"},
				"west": {"uv": [0, 0, 1.2002, 9.003], "texture": "#0"},
				"up": {"uv": [0, 0, 1.2002, 3], "rotation": 270, "texture": "#0"},
				"down": {"uv": [0, 0, 1.2002, 3], "rotation": 90, "texture": "#0"}
			}
		},
		{
			"from": [7.3, 11, 6.5],
			"to": [8.7, 20, 9.5],
			"rotation": {"angle": 45, "axis": "y", "origin": [8, 14, 8]},
			"faces": {
				"north": {"uv": [0, 0, 1.4, 9], "texture": "#0"},
				"east": {"uv": [0, 0, 3, 9], "texture": "#0"},
				"south": {"uv": [0, 0, 1.4, 9], "texture": "#0"},
				"west": {"uv": [0, 0, 3, 9], "texture": "#0"},
				"up": {"uv": [0, 0, 1.4, 3], "texture": "#0"},
				"down": {"uv": [0, 0, 1.4, 3], "texture": "#0"}
			}
		},
		{
			"from": [6.5, 11, 7.3],
			"to": [9.5, 20, 8.7],
			"rotation": {"angle": 45, "axis": "y", "origin": [8, 14, 8]},
			"faces": {
				"north": {"uv": [0, 0, 3, 9], "texture": "#0"},
				"east": {"uv": [0, 0, 1.4, 9], "texture": "#0"},
				"south": {"uv": [0, 0, 3, 9], "texture": "#0"},
				"west": {"uv": [0, 0, 1.4, 9], "texture": "#0"},
				"up": {"uv": [0, 0, 1.4, 3], "rotation": 270, "texture": "#0"},
				"down": {"uv": [0, 0, 1.4, 3], "rotation": 90, "texture": "#0"}
			}
		},
		{
			"from": [6, 0, 7.1],
			"to": [10, 11, 8.9],
			"rotation": {"angle": 0, "axis": "y", "origin": [8, 0, 8]},
			"faces": {
				"north": {"uv": [0, 0, 4, 11], "texture": "#0"},
				"east": {"uv": [0, 0, 1.8, 11], "texture": "#0"},
				"south": {"uv": [0, 0, 4, 11], "texture": "#0"},
				"west": {"uv": [0, 0, 1.8, 11], "texture": "#0"},
				"up": {"uv": [0, 0, 1.8, 4], "rotation": 90, "texture": "#0"},
				"down": {"uv": [0, 0, 1.8, 4], "rotation": 270, "texture": "#0"}
			}
		},
		{
			"from": [6, 0, 7.2],
			"to": [10, 11, 8.8],
			"rotation": {"angle": 45, "axis": "y", "origin": [8, 0, 8]},
			"faces": {
				"north": {"uv": [0, 0, 4, 11], "texture": "#0"},
				"east": {"uv": [0, 0, 1.6, 11], "texture": "#0"},
				"south": {"uv": [0, 0, 4, 11], "texture": "#0"},
				"west": {"uv": [0, 0, 1.6, 11], "texture": "#0"},
				"up": {"uv": [0, 0, 1.6, 4], "rotation": 90, "texture": "#0"},
				"down": {"uv": [0, 0, 1.6, 4], "rotation": 270, "texture": "#0"}
			}
		},
		{
			"from": [7.2, 0, 6],
			"to": [8.8, 11, 10],
			"rotation": {"angle": 45, "axis": "y", "origin": [8, 0, 8]},
			"faces": {
				"north": {"uv": [0, 0, 1.6, 11], "texture": "#0"},
				"east": {"uv": [0, 0, 4, 11], "texture": "#0"},
				"south": {"uv": [0, 0, 1.6, 11], "texture": "#0"},
				"west": {"uv": [0, 0, 4, 11], "texture": "#0"},
				"up": {"uv": [0, 0, 1.6, 4], "texture": "#0"},
				"down": {"uv": [0, 0, 1.6, 4], "texture": "#0"}
			}
		},
		{
			"from": [6, 18, 7.1],
			"to": [10, 19, 8.9],
			"rotation": {"angle": 0, "axis": "y", "origin": [8, 0, 8]},
			"faces": {
				"north": {"uv": [0, 0, 4, 1], "texture": "#0"},
				"east": {"uv": [0, 0, 1.8, 1], "texture": "#0"},
				"south": {"uv": [0, 0, 4, 1], "texture": "#0"},
				"west": {"uv": [0, 0, 1.8, 1], "texture": "#0"},
				"up": {"uv": [0, 0, 1.8, 4], "rotation": 90, "texture": "#0"},
				"down": {"uv": [0, 0, 1.8, 4], "rotation": 270, "texture": "#0"}
			}
		},
		{
			"from": [7.2, 18, 6],
			"to": [8.8, 19, 10],
			"rotation": {"angle": 45, "axis": "y", "origin": [8, 0, 8]},
			"faces": {
				"north": {"uv": [0, 0, 1.6, 1], "texture": "#0"},
				"east": {"uv": [0, 0, 4, 1], "texture": "#0"},
				"south": {"uv": [0, 0, 1.6, 1], "texture": "#0"},
				"west": {"uv": [0, 0, 4, 1], "texture": "#0"},
				"up": {"uv": [0, 0, 1.6, 4], "texture": "#0"},
				"down": {"uv": [0, 0, 1.6, 4], "texture": "#0"}
			}
		},
		{
			"from": [6, 18, 7.2],
			"to": [10, 19, 8.8],
			"rotation": {"angle": 45, "axis": "y", "origin": [8, 0, 8]},
			"faces": {
				"north": {"uv": [0, 0, 4, 1], "texture": "#0"},
				"east": {"uv": [0, 0, 1.6, 1], "texture": "#0"},
				"south": {"uv": [0, 0, 4, 1], "texture": "#0"},
				"west": {"uv": [0, 0, 1.6, 1], "texture": "#0"},
				"up": {"uv": [0, 0, 1.6, 4], "rotation": 90, "texture": "#0"},
				"down": {"uv": [0, 0, 1.6, 4], "rotation": 270, "texture": "#0"}
			}
		},
		{
			"from": [7.1, 18, 6],
			"to": [8.9, 19, 10],
			"rotation": {"angle": 0, "axis": "y", "origin": [8, 0, 8]},
			"faces": {
				"north": {"uv": [0, 0, 1.8, 1], "texture": "#0"},
				"east": {"uv": [0, 0, 4, 1], "texture": "#0"},
				"south": {"uv": [0, 0, 1.8, 1], "texture": "#0"},
				"west": {"uv": [0, 0, 4, 1], "texture": "#0"},
				"up": {"uv": [0, 0, 1.8, 4], "texture": "#0"},
				"down": {"uv": [0, 0, 1.8, 4], "texture": "#0"}
			}
		}
	]
}