{
	"credit": "Made with Blockbench",
	"textures": {
		"0": "GWRcolor",
		"particle": "GWRcolor"
	},
	"elements": [
		{
			"from": [13.5, 10, 15.9],
			"to": [17.5, 11, 16],
			"rotation": {"angle": 0, "axis": "y", "origin": [8, 0, 0]},
			"faces": {
				"north": {"uv": [8, 1, 12, 2], "texture": "#0"},
				"east": {"uv": [12, 13, 13, 14], "texture": "#0"},
				"south": {"uv": [8, 0, 12, 1], "texture": "#0"},
				"west": {"uv": [13, 11, 14, 12], "texture": "#0"},
				"up": {"uv": [12, 3, 8, 2], "rotation": 180, "texture": "#0"},
				"down": {"uv": [12, 3, 8, 4], "rotation": 180, "texture": "#0"}
			}
		},
		{
			"from": [-1.5, 10, 15.9],
			"to": [2.5, 11, 16],
			"rotation": {"angle": 0, "axis": "y", "origin": [8, 0, 0]},
			"faces": {
				"north": {"uv": [8, 5, 12, 6], "texture": "#0"},
				"east": {"uv": [13, 13, 14, 14], "texture": "#0"},
				"south": {"uv": [8, 4, 12, 5], "texture": "#0"},
				"west": {"uv": [13, 12, 14, 13], "texture": "#0"},
				"up": {"uv": [12, 7, 8, 6], "rotation": 180, "texture": "#0"},
				"down": {"uv": [12, 7, 8, 8], "rotation": 180, "texture": "#0"}
			}
		},
		{
			"from": [-1.5, 8, 15.9],
			"to": [2.5, 9, 16],
			"rotation": {"angle": 0, "axis": "y", "origin": [8, 0, 0]},
			"faces": {
				"north": {"uv": [8, 9, 12, 10], "texture": "#0"},
				"east": {"uv": [14, 0, 15, 1], "texture": "#0"},
				"south": {"uv": [8, 8, 12, 9], "texture": "#0"},
				"west": {"uv": [0, 14, 1, 15], "texture": "#0"},
				"up": {"uv": [12, 11, 8, 10], "rotation": 180, "texture": "#0"},
				"down": {"uv": [12, 11, 8, 12], "rotation": 180, "texture": "#0"}
			}
		},
		{
			"from": [17.5, 5, 15.9],
			"to": [18.5, 10, 16],
			"rotation": {"angle": 0, "axis": "y", "origin": [8, 0, 0]},
			"faces": {
				"north": {"uv": [6, 7, 7, 12], "texture": "#0"},
				"east": {"uv": [7, 7, 8, 12], "texture": "#0"},
				"south": {"uv": [4, 7, 5, 12], "texture": "#0"},
				"west": {"uv": [5, 7, 6, 12], "texture": "#0"},
				"up": {"uv": [2, 15, 1, 14], "rotation": 180, "texture": "#0"},
				"down": {"uv": [15, 1, 14, 2], "rotation": 180, "texture": "#0"}
			}
		},
		{
			"from": [9.5, 4, 15.9],
			"to": [10.5, 11, 16],
			"rotation": {"angle": 0, "axis": "y", "origin": [8, 0, 0]},
			"faces": {
				"north": {"uv": [2, 0, 3, 7], "texture": "#0"},
				"east": {"uv": [3, 0, 4, 7], "texture": "#0"},
				"south": {"uv": [0, 0, 1, 7], "texture": "#0"},
				"west": {"uv": [1, 0, 2, 7], "texture": "#0"},
				"up": {"uv": [3, 15, 2, 14], "rotation": 180, "texture": "#0"},
				"down": {"uv": [15, 2, 14, 3], "rotation": 180, "texture": "#0"}
			}
		},
		{
			"from": [1.5, 4, 15.9],
			"to": [2.5, 11, 16],
			"rotation": {"angle": 0, "axis": "y", "origin": [8, 0, 0]},
			"faces": {
				"north": {"uv": [6, 0, 7, 7], "texture": "#0"},
				"east": {"uv": [0, 7, 1, 14], "texture": "#0"},
				"south": {"uv": [4, 0, 5, 7], "texture": "#0"},
				"west": {"uv": [5, 0, 6, 7], "texture": "#0"},
				"up": {"uv": [4, 15, 3, 14], "rotation": 180, "texture": "#0"},
				"down": {"uv": [15, 3, 14, 4], "rotation": 180, "texture": "#0"}
			}
		},
		{
			"from": [-2.5, 4, 15.9],
			"to": [-1.5, 8, 16],
			"rotation": {"angle": 0, "axis": "y", "origin": [8, 0, 0]},
			"faces": {
				"north": {"uv": [12, 4, 13, 8], "texture": "#0"},
				"east": {"uv": [5, 12, 6, 16], "texture": "#0"},
				"south": {"uv": [12, 0, 13, 4], "texture": "#0"},
				"west": {"uv": [4, 12, 5, 16], "texture": "#0"},
				"up": {"uv": [15, 5, 14, 4], "rotation": 180, "texture": "#0"},
				"down": {"uv": [15, 5, 14, 6], "rotation": 180, "texture": "#0"}
			}
		},
		{
			"from": [5.5, 4, 15.9],
			"to": [6.5, 11, 16],
			"rotation": {"angle": 0, "axis": "y", "origin": [8, 0, 0]},
			"faces": {
				"north": {"uv": [2, 7, 3, 14], "texture": "#0"},
				"east": {"uv": [3, 7, 4, 14], "texture": "#0"},
				"south": {"uv": [7, 0, 8, 7], "texture": "#0"},
				"west": {"uv": [1, 7, 2, 14], "texture": "#0"},
				"up": {"uv": [8, 15, 7, 14], "rotation": 180, "texture": "#0"},
				"down": {"uv": [9, 14, 8, 15], "rotation": 180, "texture": "#0"}
			}
		},
		{
			"from": [8.5, 5, 15.9],
			"to": [9.5, 6, 16],
			"rotation": {"angle": 0, "axis": "y", "origin": [8, 0, 0]},
			"faces": {
				"north": {"uv": [14, 10, 15, 11], "texture": "#0"},
				"east": {"uv": [11, 14, 12, 15], "texture": "#0"},
				"south": {"uv": [9, 14, 10, 15], "texture": "#0"},
				"west": {"uv": [10, 14, 11, 15], "texture": "#0"},
				"up": {"uv": [15, 12, 14, 11], "rotation": 180, "texture": "#0"},
				"down": {"uv": [13, 14, 12, 15], "rotation": 180, "texture": "#0"}
			}
		},
		{
			"from": [7.5, 6, 15.9],
			"to": [8.5, 7, 16],
			"rotation": {"angle": 0, "axis": "y", "origin": [8, 0, 0]},
			"faces": {
				"north": {"uv": [14, 13, 15, 14], "texture": "#0"},
				"east": {"uv": [14, 14, 15, 15], "texture": "#0"},
				"south": {"uv": [14, 12, 15, 13], "texture": "#0"},
				"west": {"uv": [13, 14, 14, 15], "texture": "#0"},
				"up": {"uv": [1, 16, 0, 15], "rotation": 180, "texture": "#0"},
				"down": {"uv": [16, 0, 15, 1], "rotation": 180, "texture": "#0"}
			}
		},
		{
			"from": [-2.5, 9, 15.9],
			"to": [-1.5, 10, 16],
			"rotation": {"angle": 0, "axis": "y", "origin": [8, 0, 0]},
			"faces": {
				"north": {"uv": [2, 15, 3, 16], "texture": "#0"},
				"east": {"uv": [15, 2, 16, 3], "texture": "#0"},
				"south": {"uv": [1, 15, 2, 16], "texture": "#0"},
				"west": {"uv": [15, 1, 16, 2], "texture": "#0"},
				"up": {"uv": [4, 16, 3, 15], "rotation": 180, "texture": "#0"},
				"down": {"uv": [16, 3, 15, 4], "rotation": 180, "texture": "#0"}
			}
		},
		{
			"from": [6.5, 5, 15.9],
			"to": [7.5, 6, 16],
			"rotation": {"angle": 0, "axis": "y", "origin": [8, 0, 0]},
			"faces": {
				"north": {"uv": [15, 6, 16, 7], "texture": "#0"},
				"east": {"uv": [7, 15, 8, 16], "texture": "#0"},
				"south": {"uv": [15, 4, 16, 5], "texture": "#0"},
				"west": {"uv": [15, 5, 16, 6], "texture": "#0"},
				"up": {"uv": [16, 8, 15, 7], "rotation": 180, "texture": "#0"},
				"down": {"uv": [9, 15, 8, 16], "rotation": 180, "texture": "#0"}
			}
		},
		{
			"from": [14.5, 4, 15.9],
			"to": [17.5, 5, 16],
			"rotation": {"angle": 0, "axis": "y", "origin": [8, 0, 0]},
			"faces": {
				"north": {"uv": [12, 8, 15, 9], "texture": "#0"},
				"east": {"uv": [9, 15, 10, 16], "texture": "#0"},
				"south": {"uv": [6, 12, 9, 13], "texture": "#0"},
				"west": {"uv": [15, 8, 16, 9], "texture": "#0"},
				"up": {"uv": [12, 13, 9, 12], "rotation": 180, "texture": "#0"},
				"down": {"uv": [15, 9, 12, 10], "rotation": 180, "texture": "#0"}
			}
		},
		{
			"from": [13.5, 5, 15.9],
			"to": [14.5, 8, 16],
			"rotation": {"angle": 0, "axis": "y", "origin": [8, 0, 0]},
			"faces": {
				"north": {"uv": [13, 3, 14, 6], "texture": "#0"},
				"east": {"uv": [6, 13, 7, 16], "texture": "#0"},
				"south": {"uv": [12, 10, 13, 13], "texture": "#0"},
				"west": {"uv": [13, 0, 14, 3], "texture": "#0"},
				"up": {"uv": [16, 10, 15, 9], "rotation": 180, "texture": "#0"},
				"down": {"uv": [11, 15, 10, 16], "rotation": 180, "texture": "#0"}
			}
		},
		{
			"from": [13.5, 8, 15.9],
			"to": [15.5, 9, 16],
			"rotation": {"angle": 0, "axis": "y", "origin": [8, 0, 0]},
			"faces": {
				"north": {"uv": [7, 13, 9, 14], "texture": "#0"},
				"east": {"uv": [11, 13, 12, 14], "texture": "#0"},
				"south": {"uv": [13, 6, 15, 7], "texture": "#0"},
				"west": {"uv": [13, 10, 14, 11], "texture": "#0"},
				"up": {"uv": [15, 8, 13, 7], "rotation": 180, "texture": "#0"},
				"down": {"uv": [11, 13, 9, 14], "rotation": 180, "texture": "#0"}
			}
		}
	]
}