{
	"credit": "Made with Blockbench",
	"textures": {
		"6": "brass_block",
		"8": "Brown_Terracotta_(texture)_JE1_BE1",
		"10": "chute_block",
		"particle": "andesite_bricks"
	},
	"elements": [
		{
			"from": [3, 10, 1],
			"to": [13, 21, 11],
			"rotation": {"angle": 0, "axis": "y", "origin": [8, 21, 2]},
			"faces": {
				"north": {"uv": [0, 0, 16, 6.4], "texture": "#8"},
				"east": {"uv": [0, 0, 16, 6.4], "texture": "#8"},
				"south": {"uv": [0, 0, 16, 6.4], "texture": "#8"},
				"west": {"uv": [0, 0, 16, 6.4], "texture": "#8"},
				"up": {"uv": [0, 0, 16, 16], "texture": "#8"},
				"down": {"uv": [0, 0, 16, 16], "texture": "#8"}
			}
		},
		{
			"from": [4, 13.3, 0],
			"to": [12, 16.7, 1.0005],
			"rotation": {"angle": 0, "axis": "y", "origin": [8, 15, 2]},
			"faces": {
				"north": {"uv": [2, 2, 14, 14], "texture": "#6"},
				"east": {"uv": [2, 2, 14, 4.4], "texture": "#6"},
				"south": {"uv": [2, 2, 14, 14], "texture": "#6"},
				"west": {"uv": [2, 2, 14, 4.4], "texture": "#6"},
				"up": {"uv": [2, 2, 14, 14], "texture": "#6"},
				"down": {"uv": [2, 2, 14, 14], "texture": "#6"}
			}
		},
		{
			"from": [6.3, 11, 0.0005],
			"to": [9.7, 19, 1.0005],
			"rotation": {"angle": 0, "axis": "z", "origin": [8, 15, 2]},
			"faces": {
				"north": {"uv": [2, 2, 14, 14], "rotation": 90, "texture": "#6"},
				"east": {"uv": [2, 2, 14, 14], "rotation": 270, "texture": "#6"},
				"south": {"uv": [2, 2, 14, 14], "rotation": 270, "texture": "#6"},
				"west": {"uv": [2, 2, 14, 14], "rotation": 270, "texture": "#6"},
				"up": {"uv": [2, 2, 14, 4.4], "rotation": 270, "texture": "#6"},
				"down": {"uv": [2, 2, 14, 4.4], "rotation": 270, "texture": "#6"}
			}
		},
		{
			"from": [6.4, 11, 0.0007],
			"to": [9.6, 19, 1.0007],
			"rotation": {"angle": 45, "axis": "z", "origin": [8, 15, 2]},
			"faces": {
				"north": {"uv": [2, 2, 14, 14], "rotation": 90, "texture": "#6"},
				"east": {"uv": [2, 2, 14, 14], "rotation": 270, "texture": "#6"},
				"south": {"uv": [2, 2, 14, 14], "rotation": 270, "texture": "#6"},
				"west": {"uv": [2, 2, 14, 14], "rotation": 270, "texture": "#6"},
				"up": {"uv": [2, 2, 14, 4.4], "rotation": 270, "texture": "#6"},
				"down": {"uv": [2, 2, 14, 4.4], "rotation": 270, "texture": "#6"}
			}
		},
		{
			"from": [6.4, 11, 0.0004],
			"to": [9.6, 19, 1.0004],
			"rotation": {"angle": -45, "axis": "z", "origin": [8, 15, 2]},
			"faces": {
				"north": {"uv": [2, 2, 14, 14], "rotation": 90, "texture": "#6"},
				"east": {"uv": [2, 2, 14, 14], "rotation": 270, "texture": "#6"},
				"south": {"uv": [2, 2, 14, 14], "rotation": 270, "texture": "#6"},
				"west": {"uv": [2, 2, 14, 14], "rotation": 270, "texture": "#6"},
				"up": {"uv": [2, 2, 14, 4.4], "rotation": 270, "texture": "#6"},
				"down": {"uv": [2, 2, 14, 4.4], "rotation": 270, "texture": "#6"}
			}
		},
		{
			"from": [4, 21, 3],
			"to": [12, 22, 9],
			"rotation": {"angle": 0, "axis": "y", "origin": [8, -8, 8]},
			"faces": {
				"north": {"uv": [0, 0, 16, 6.4], "texture": "#8"},
				"east": {"uv": [0, 0, 16, 6.4], "texture": "#8"},
				"south": {"uv": [0, 0, 16, 6.4], "texture": "#8"},
				"west": {"uv": [0, 0, 16, 6.4], "texture": "#8"},
				"up": {"uv": [0, 0, 16, 16], "texture": "#8"},
				"down": {"uv": [0, 0, 16, 16], "texture": "#8"}
			}
		},
		{
			"from": [6, 21, 5],
			"to": [10, 26, 7],
			"rotation": {"angle": 0, "axis": "y", "origin": [8, -8, 8]},
			"faces": {
				"north": {"uv": [2, 2, 14, 4.4], "texture": "#6"},
				"east": {"uv": [2, 2, 14, 13.4], "texture": "#6"},
				"south": {"uv": [2, 2, 14, 4.4], "texture": "#6"},
				"west": {"uv": [2, 2, 14, 13.4], "texture": "#6"},
				"up": {"uv": [2, 2, 14, 14], "texture": "#6"},
				"down": {"uv": [2, 2, 14, 14], "texture": "#6"}
			}
		},
		{
			"from": [5.9, 25.7, 4.9],
			"to": [10.1, 26, 7.1],
			"rotation": {"angle": 0, "axis": "y", "origin": [8, -8, 8]},
			"faces": {
				"north": {"uv": [2, 2, 14, 4.4], "texture": "#6"},
				"east": {"uv": [2, 2, 14, 13.4], "texture": "#6"},
				"south": {"uv": [2, 2, 14, 4.4], "texture": "#6"},
				"west": {"uv": [2, 2, 14, 13.4], "texture": "#6"},
				"up": {"uv": [2, 2, 14, 14], "texture": "#6"},
				"down": {"uv": [2, 2, 14, 14], "texture": "#6"}
			}
		},
		{
			"from": [6.0001, 25.3, 5.3],
			"to": [10.0001, 26.7, 6.7],
			"rotation": {"angle": -45, "axis": "x", "origin": [8, 26, 6]},
			"faces": {
				"north": {"uv": [2, 2, 14, 14], "rotation": 180, "texture": "#6"},
				"east": {"uv": [2, 2, 14, 13.4], "rotation": 270, "texture": "#6"},
				"south": {"uv": [2, 2, 14, 14], "texture": "#6"},
				"west": {"uv": [2, 2, 14, 13.4], "rotation": 90, "texture": "#6"},
				"up": {"uv": [2, 2, 14, 4.4], "rotation": 180, "texture": "#6"},
				"down": {"uv": [2, 2, 14, 4.4], "texture": "#6"}
			}
		},
		{
			"from": [4.001, 20.3, 2],
			"to": [12.001, 21, 3.4],
			"rotation": {"angle": -45, "axis": "x", "origin": [8, 21, 2]},
			"faces": {
				"north": {"uv": [0, 0, 16, 6.4], "texture": "#8"},
				"east": {"uv": [0, 0, 16, 6.4], "texture": "#8"},
				"south": {"uv": [0, 0, 16, 6.4], "texture": "#8"},
				"west": {"uv": [0, 0, 16, 6.4], "texture": "#8"},
				"up": {"uv": [0, 0, 16, 16], "texture": "#8"},
				"down": {"uv": [0, 0, 16, 16], "texture": "#8"}
			}
		},
		{
			"from": [4.001, 20.3, 8.6],
			"to": [12.001, 21, 10],
			"rotation": {"angle": 45, "axis": "x", "origin": [8, 21, 10]},
			"faces": {
				"north": {"uv": [0, 0, 16, 6.4], "texture": "#8"},
				"east": {"uv": [0, 0, 16, 6.4], "texture": "#8"},
				"south": {"uv": [0, 0, 16, 6.4], "texture": "#8"},
				"west": {"uv": [0, 0, 16, 6.4], "texture": "#8"},
				"up": {"uv": [0, 0, 16, 16], "texture": "#8"},
				"down": {"uv": [0, 0, 16, 16], "texture": "#8"}
			}
		},
		{
			"from": [3, 0, 1],
			"to": [13, 9, 11],
			"rotation": {"angle": 0, "axis": "y", "origin": [8, -8, 8]},
			"faces": {
				"north": {"uv": [0, 0, 16, 9], "texture": "#10"},
				"east": {"uv": [0, 0, 16, 9], "texture": "#10"},
				"south": {"uv": [0, 0, 16, 9], "texture": "#10"},
				"west": {"uv": [0, 0, 16, 9], "texture": "#10"},
				"up": {"uv": [0, 0, 16, 9], "texture": "#10"},
				"down": {"uv": [0, 0, 16, 7], "texture": "#10"}
			}
		},
		{
			"from": [2, 9, 0],
			"to": [14, 10, 12],
			"rotation": {"angle": 0, "axis": "y", "origin": [8, -8, 8]},
			"faces": {
				"north": {"uv": [2, 2, 14, 4.4], "texture": "#6"},
				"east": {"uv": [2, 2, 14, 13.4], "texture": "#6"},
				"south": {"uv": [2, 2, 14, 4.4], "texture": "#6"},
				"west": {"uv": [2, 2, 14, 13.4], "texture": "#6"},
				"up": {"uv": [2, 2, 14, 14], "texture": "#6"},
				"down": {"uv": [2, 2, 14, 14], "texture": "#6"}
			}
		},
		{
			"from": [2.9, 17, 6],
			"to": [13.1, 19, 10],
			"rotation": {"angle": 0, "axis": "y", "origin": [8, -8, 8]},
			"faces": {
				"north": {"uv": [2, 2, 14, 4.4], "texture": "#6"},
				"east": {"uv": [2, 2, 14, 13.4], "texture": "#6"},
				"south": {"uv": [2, 2, 14, 4.4], "texture": "#6"},
				"west": {"uv": [2, 2, 14, 13.4], "texture": "#6"},
				"up": {"uv": [2, 2, 14, 14], "texture": "#6"},
				"down": {"uv": [2, 2, 14, 14], "texture": "#6"}
			}
		}
	]
}