{
	"credit": "Made with Blockbench",
	"textures": {
		"5": "Beehive_(top_texture)_JE1_BE1",
		"6": "brass_block",
		"10": "chute_block",
		"19": "Smithing_Table_(bottom_texture)_JE1_BE1",
		"particle": "andesite_bricks"
	},
	"elements": [
		{
			"from": [3, 8, 9],
			"to": [13, 20, 18],
			"rotation": {"angle": 0, "axis": "y", "origin": [0, -16, 16]},
			"faces": {
				"north": {"uv": [3, 2, 13, 14], "texture": "#19"},
				"east": {"uv": [7, 0, 16, 12], "texture": "#19"},
				"south": {"uv": [3, 2, 13, 14], "texture": "#19"},
				"west": {"uv": [0, 0, 9, 12], "texture": "#19"},
				"up": {"uv": [0, 0, 10, 9], "texture": "#19"},
				"down": {"uv": [0, 0, 10, 9], "texture": "#19"}
			}
		},
		{
			"from": [11, 7, 7],
			"to": [13, 8, 26],
			"rotation": {"angle": 0, "axis": "y", "origin": [0, -16, 16]},
			"faces": {
				"north": {"uv": [0, 0, 2, 1], "texture": "#5"},
				"east": {"uv": [0, 0, 16, 1], "texture": "#5"},
				"south": {"uv": [0, 0, 2, 1], "texture": "#5"},
				"west": {"uv": [0, 0, 16, 1], "texture": "#5"},
				"up": {"uv": [0, 0, 2, 16], "texture": "#5"},
				"down": {"uv": [0, 0, 2, 16], "texture": "#5"}
			}
		},
		{
			"from": [3, 7, 7],
			"to": [5, 8, 26],
			"rotation": {"angle": 0, "axis": "y", "origin": [0, -16, 16]},
			"faces": {
				"north": {"uv": [0, 0, 2, 1], "texture": "#5"},
				"east": {"uv": [0, 0, 16, 1], "texture": "#5"},
				"south": {"uv": [0, 0, 2, 1], "texture": "#5"},
				"west": {"uv": [0, 0, 16, 1], "texture": "#5"},
				"up": {"uv": [0, 0, 2, 16], "texture": "#5"},
				"down": {"uv": [0, 0, 2, 16], "texture": "#5"}
			}
		},
		{
			"from": [3, 0, 15],
			"to": [5, 8, 16],
			"rotation": {"angle": 0, "axis": "y", "origin": [0, -16, 16]},
			"faces": {
				"north": {"uv": [0, 0, 2, 8], "texture": "#5"},
				"east": {"uv": [0, 0, 1, 8], "texture": "#5"},
				"south": {"uv": [0, 0, 2, 8], "texture": "#5"},
				"west": {"uv": [0, 0, 1, 8], "texture": "#5"},
				"up": {"uv": [0, 0, 2, 1], "texture": "#5"},
				"down": {"uv": [0, 0, 2, 1], "texture": "#5"}
			}
		},
		{
			"from": [11, 0, 15],
			"to": [13, 8, 16],
			"rotation": {"angle": 0, "axis": "y", "origin": [0, -16, 16]},
			"faces": {
				"north": {"uv": [0, 0, 2, 8], "texture": "#5"},
				"east": {"uv": [0, 0, 1, 8], "texture": "#5"},
				"south": {"uv": [0, 0, 2, 8], "texture": "#5"},
				"west": {"uv": [0, 0, 1, 8], "texture": "#5"},
				"up": {"uv": [0, 0, 2, 1], "texture": "#5"},
				"down": {"uv": [0, 0, 2, 1], "texture": "#5"}
			}
		},
		{
			"from": [11, 0, 15],
			"to": [13, 11, 16],
			"rotation": {"angle": -45, "axis": "x", "origin": [12, 0, 16]},
			"faces": {
				"north": {"uv": [0, 0, 2, 11], "texture": "#5"},
				"east": {"uv": [0, 0, 1, 11], "texture": "#5"},
				"south": {"uv": [0, 0, 2, 11], "texture": "#5"},
				"west": {"uv": [0, 0, 1, 11], "texture": "#5"},
				"up": {"uv": [0, 0, 2, 1], "texture": "#5"},
				"down": {"uv": [0, 0, 2, 1], "texture": "#5"}
			}
		},
		{
			"from": [3, 0, 15],
			"to": [5, 11, 16],
			"rotation": {"angle": -45, "axis": "x", "origin": [12, 0, 16]},
			"faces": {
				"north": {"uv": [0, 0, 2, 11], "texture": "#5"},
				"east": {"uv": [0, 0, 1, 11], "texture": "#5"},
				"south": {"uv": [0, 0, 2, 11], "texture": "#5"},
				"west": {"uv": [0, 0, 1, 11], "texture": "#5"},
				"up": {"uv": [0, 0, 2, 1], "texture": "#5"},
				"down": {"uv": [0, 0, 2, 1], "texture": "#5"}
			}
		},
		{
			"from": [4, 12.3, 8.0002],
			"to": [12, 15.7, 9.0012],
			"rotation": {"angle": 0, "axis": "y", "origin": [0, -16, 16]},
			"faces": {
				"north": {"uv": [4, 6, 12, 9.4], "texture": "#6"},
				"east": {"uv": [2, 2, 3, 5.4], "texture": "#6"},
				"south": {"uv": [4, 6, 12, 9.4], "texture": "#6"},
				"west": {"uv": [2, 2, 3, 5.4], "texture": "#6"},
				"up": {"uv": [2, 2, 10, 3], "texture": "#6"},
				"down": {"uv": [2, 2, 10, 3], "texture": "#6"}
			}
		},
		{
			"from": [6.3, 10, 8.0002],
			"to": [9.7, 18, 9.0012],
			"rotation": {"angle": 0, "axis": "z", "origin": [8, 14, 16]},
			"faces": {
				"north": {"uv": [4, 6, 12, 9.4], "rotation": 90, "texture": "#6"},
				"east": {"uv": [2, 2, 10, 3], "rotation": 270, "texture": "#6"},
				"south": {"uv": [4, 6, 12, 9.4], "rotation": 270, "texture": "#6"},
				"west": {"uv": [2, 2, 10, 3], "rotation": 270, "texture": "#6"},
				"up": {"uv": [2, 2, 3, 5.4], "rotation": 270, "texture": "#6"},
				"down": {"uv": [2, 2, 3, 5.4], "rotation": 270, "texture": "#6"}
			}
		},
		{
			"from": [5.9, 18, 7],
			"to": [10.1, 19, 9],
			"rotation": {"angle": 0, "axis": "z", "origin": [8, 14, 16]},
			"faces": {
				"north": {"uv": [0, 0, 1, 4.2], "rotation": 90, "texture": "#10"},
				"east": {"uv": [0, 0, 1, 2], "rotation": 270, "texture": "#10"},
				"south": {"uv": [0, 0, 1, 4.2], "rotation": 270, "texture": "#10"},
				"west": {"uv": [0, 0, 1, 2], "rotation": 270, "texture": "#10"},
				"up": {"uv": [0, 0, 2, 4.2], "rotation": 270, "texture": "#10"},
				"down": {"uv": [0, 0, 2, 4.2], "rotation": 270, "texture": "#10"}
			}
		},
		{
			"from": [5.3, 18, 7],
			"to": [10.1, 19, 9],
			"rotation": {"angle": 45, "axis": "z", "origin": [8, 14, 16]},
			"faces": {
				"north": {"uv": [0, 0, 1, 4.8], "rotation": 90, "texture": "#10"},
				"east": {"uv": [0, 0, 1, 2], "rotation": 270, "texture": "#10"},
				"south": {"uv": [0, 0, 1, 4.8], "rotation": 270, "texture": "#10"},
				"west": {"uv": [0, 0, 1, 2], "rotation": 270, "texture": "#10"},
				"up": {"uv": [0, 0, 2, 4.8], "rotation": 270, "texture": "#10"},
				"down": {"uv": [0, 0, 2, 4.8], "rotation": 270, "texture": "#10"}
			}
		},
		{
			"from": [12, 11.3, 7],
			"to": [13, 16.1, 9],
			"rotation": {"angle": 45, "axis": "z", "origin": [8, 14, 16]},
			"faces": {
				"north": {"uv": [0, 0, 1, 4.8], "texture": "#10"},
				"east": {"uv": [0, 0, 2, 4.8], "texture": "#10"},
				"south": {"uv": [0, 0, 1, 4.8], "texture": "#10"},
				"west": {"uv": [0, 0, 2, 4.8], "texture": "#10"},
				"up": {"uv": [0, 0, 1, 2], "texture": "#10"},
				"down": {"uv": [0, 0, 1, 2], "texture": "#10"}
			}
		},
		{
			"from": [6.4, 10, 8],
			"to": [9.6, 18, 9],
			"rotation": {"angle": 45, "axis": "z", "origin": [8, 14, 16]},
			"faces": {
				"north": {"uv": [4, 6, 12, 9.2], "rotation": 90, "texture": "#6"},
				"east": {"uv": [2, 2, 10, 3], "rotation": 270, "texture": "#6"},
				"south": {"uv": [4, 6, 12, 9.2], "rotation": 270, "texture": "#6"},
				"west": {"uv": [2, 2, 10, 3], "rotation": 270, "texture": "#6"},
				"up": {"uv": [2, 2, 3, 5.2], "rotation": 270, "texture": "#6"},
				"down": {"uv": [2, 2, 3, 5.2], "rotation": 270, "texture": "#6"}
			}
		},
		{
			"from": [6.4, 10, 8.001],
			"to": [9.6, 18, 9.003],
			"rotation": {"angle": -45, "axis": "z", "origin": [8, 14, 16]},
			"faces": {
				"north": {"uv": [4, 6, 12, 9.2], "rotation": 270, "texture": "#6"},
				"east": {"uv": [2, 2, 10, 3], "rotation": 90, "texture": "#6"},
				"south": {"uv": [4, 6, 12, 9.2], "rotation": 90, "texture": "#6"},
				"west": {"uv": [2, 2, 10, 3], "rotation": 90, "texture": "#6"},
				"up": {"uv": [2, 2, 3, 5.2], "rotation": 90, "texture": "#6"},
				"down": {"uv": [2, 2, 3, 5.2], "rotation": 90, "texture": "#6"}
			}
		},
		{
			"from": [1, 15, 9.002],
			"to": [8, 22, 18.003],
			"rotation": {"angle": -45, "axis": "z", "origin": [8, 15, 13]},
			"faces": {
				"north": {"uv": [0, 0, 7, 7], "rotation": 90, "texture": "#19"},
				"east": {"uv": [0, 0, 7, 9], "rotation": 270, "texture": "#19"},
				"south": {"uv": [4.1, 4.3, 11.1, 11.3], "rotation": 270, "texture": "#19"},
				"west": {"uv": [0, 0, 7, 9], "rotation": 270, "texture": "#19"},
				"up": {"uv": [0, 0, 9, 7], "rotation": 270, "texture": "#19"},
				"down": {"uv": [0, 0, 9, 7], "rotation": 270, "texture": "#19"}
			}
		},
		{
			"from": [0, 22, 7],
			"to": [9, 23, 18],
			"rotation": {"angle": -45, "axis": "z", "origin": [8, 15, 13]},
			"faces": {
				"north": {"uv": [0, 0, 1, 9], "rotation": 90, "texture": "#19"},
				"east": {"uv": [0, 2.9, 1, 13.9], "rotation": 270, "texture": "#19"},
				"south": {"uv": [0, 4.9, 1, 13.9], "rotation": 270, "texture": "#19"},
				"west": {"uv": [0, 0, 1, 11], "rotation": 270, "texture": "#19"},
				"up": {"uv": [5, 0, 16, 9], "rotation": 270, "texture": "#19"},
				"down": {"uv": [0, 0, 11, 9], "rotation": 270, "texture": "#19"}
			}
		},
		{
			"from": [0, 14, 7],
			"to": [1, 22, 18],
			"rotation": {"angle": -45, "axis": "z", "origin": [8, 15, 13]},
			"faces": {
				"north": {"uv": [3, 0, 11, 1], "rotation": 90, "texture": "#19"},
				"east": {"uv": [0, 0, 8, 11], "rotation": 270, "texture": "#19"},
				"south": {"uv": [2, 0, 10, 1], "rotation": 270, "texture": "#19"},
				"west": {"uv": [7, 0, 15, 11], "rotation": 270, "texture": "#19"},
				"up": {"uv": [0, 0, 11, 1], "rotation": 270, "texture": "#19"},
				"down": {"uv": [2, 0, 13, 1], "rotation": 270, "texture": "#19"}
			}
		},
		{
			"from": [0, 21, 6],
			"to": [1, 23, 7],
			"rotation": {"angle": -45, "axis": "z", "origin": [8, 15, 13]},
			"faces": {
				"north": {"uv": [0, 0, 2, 1], "rotation": 90, "texture": "#19"},
				"east": {"uv": [0, 0, 2, 1], "rotation": 270, "texture": "#19"},
				"south": {"uv": [0, 0, 2, 1], "rotation": 270, "texture": "#19"},
				"west": {"uv": [0, 0, 2, 1], "rotation": 270, "texture": "#19"},
				"up": {"uv": [0, 0, 1, 1], "rotation": 270, "texture": "#19"},
				"down": {"uv": [0, 0, 1, 1], "rotation": 270, "texture": "#19"}
			}
		},
		{
			"from": [1, 22, 6],
			"to": [2, 23, 7],
			"rotation": {"angle": -45, "axis": "z", "origin": [8, 15, 13]},
			"faces": {
				"north": {"uv": [0, 0, 1, 1], "rotation": 90, "texture": "#19"},
				"east": {"uv": [0, 0, 1, 1], "rotation": 270, "texture": "#19"},
				"south": {"uv": [0, 0, 1, 1], "rotation": 270, "texture": "#19"},
				"west": {"uv": [0, 0, 1, 1], "rotation": 270, "texture": "#19"},
				"up": {"uv": [0, 0, 1, 1], "rotation": 270, "texture": "#19"},
				"down": {"uv": [0, 0, 1, 1], "rotation": 270, "texture": "#19"}
			}
		}
	]
}