{
	"credit": "Made with Blockbench",
	"textures": {
		"0": "brass_block",
		"1": "andesite_casing",
		"particle": "brass_block"
	},
	"elements": [
		{
			"from": [9, 0, 9],
			"to": [10, 2, 10],
			"faces": {
				"north": {"uv": [2, 10, 3, 12], "texture": "#0"},
				"east": {"uv": [0, 3, 1, 5], "texture": "#0"},
				"south": {"uv": [2, 6, 3, 8], "texture": "#0"},
				"west": {"uv": [0, 5, 1, 7], "texture": "#0"},
				"up": {"uv": [2, 5, 3, 6], "texture": "#0"},
				"down": {"uv": [2, 8, 3, 10], "texture": "#0"}
			}
		},
		{
			"from": [9, 0, 6],
			"to": [10, 2, 7],
			"faces": {
				"north": {"uv": [2, 6, 3, 8], "texture": "#0"},
				"east": {"uv": [3, 2, 4, 4], "texture": "#0"},
				"south": {"uv": [2, 4, 3, 6], "texture": "#0"},
				"west": {"uv": [2, 2, 3, 4], "texture": "#0"},
				"up": {"uv": [3, 6, 4, 7], "texture": "#0"},
				"down": {"uv": [3, 7, 4, 8], "texture": "#0"}
			}
		},
		{
			"from": [9, 0, 7],
			"to": [10, 3, 9],
			"faces": {
				"north": {"uv": [7, 8, 8, 11], "texture": "#0"},
				"east": {"uv": [8, 10, 10, 13], "texture": "#0"},
				"south": {"uv": [6, 8, 7, 11], "texture": "#0"},
				"west": {"uv": [4, 10, 6, 13], "texture": "#0"},
				"up": {"uv": [7, 6, 8, 8], "texture": "#0"},
				"down": {"uv": [6, 6, 7, 8], "texture": "#0"}
			}
		},
		{
			"from": [6, 0, 9],
			"to": [7, 2, 10],
			"faces": {
				"north": {"uv": [2, 10, 3, 12], "texture": "#0"},
				"east": {"uv": [0, 3, 1, 5], "texture": "#0"},
				"south": {"uv": [2, 6, 3, 8], "texture": "#0"},
				"west": {"uv": [0, 5, 1, 7], "texture": "#0"},
				"up": {"uv": [2, 5, 3, 6], "texture": "#0"},
				"down": {"uv": [2, 8, 3, 10], "texture": "#0"}
			}
		},
		{
			"from": [6, 0, 6],
			"to": [7, 2, 7],
			"faces": {
				"north": {"uv": [2, 6, 3, 8], "texture": "#0"},
				"east": {"uv": [3, 2, 4, 4], "texture": "#0"},
				"south": {"uv": [2, 4, 3, 6], "texture": "#0"},
				"west": {"uv": [2, 2, 3, 4], "texture": "#0"},
				"up": {"uv": [3, 6, 4, 7], "texture": "#0"},
				"down": {"uv": [3, 7, 4, 8], "texture": "#0"}
			}
		},
		{
			"from": [6, 0, 7],
			"to": [7, 3, 9],
			"faces": {
				"north": {"uv": [7, 8, 8, 11], "texture": "#0"},
				"east": {"uv": [8, 10, 10, 13], "texture": "#0"},
				"south": {"uv": [6, 8, 7, 11], "texture": "#0"},
				"west": {"uv": [4, 10, 6, 13], "texture": "#0"},
				"up": {"uv": [7, 6, 8, 8], "texture": "#0"},
				"down": {"uv": [6, 6, 7, 8], "texture": "#0"}
			}
		},
		{
			"from": [7.2, 1, 7.2],
			"to": [8.8, 13, 8.8],
			"rotation": {"angle": 0, "axis": "y", "origin": [8, 2, 8]},
			"faces": {
				"north": {"uv": [0, 0, 1.6, 12], "texture": "#1"},
				"east": {"uv": [0, 0, 1.6, 12], "texture": "#1"},
				"south": {"uv": [0, 0, 1.6, 12], "texture": "#1"},
				"west": {"uv": [0, 0, 1.6, 12], "texture": "#1"},
				"up": {"uv": [0, 0, 1.6, 1.6], "texture": "#1"},
				"down": {"uv": [0, 0, 1.6, 1.6], "texture": "#1"}
			}
		},
		{
			"from": [7, 1, 7],
			"to": [9, 3, 9],
			"rotation": {"angle": 0, "axis": "y", "origin": [8, 2, 8]},
			"faces": {
				"north": {"uv": [3, 3, 5, 5], "texture": "#1"},
				"east": {"uv": [11, 7, 13, 9], "texture": "#1"},
				"south": {"uv": [3, 7, 5, 9], "texture": "#1"},
				"west": {"uv": [11, 3, 13, 5], "texture": "#1"},
				"up": {"uv": [3, 11, 5, 13], "texture": "#1"},
				"down": {"uv": [11, 11, 13, 13], "texture": "#1"}
			}
		},
		{
			"from": [7.4, 13, 7.4],
			"to": [8.6, 19, 8.6],
			"rotation": {"angle": 0, "axis": "y", "origin": [8, 2, 8]},
			"faces": {
				"north": {"uv": [0, 0, 1.2, 6], "texture": "#1"},
				"east": {"uv": [0, 0, 1.2, 6], "texture": "#1"},
				"south": {"uv": [0, 0, 1.2, 6], "texture": "#1"},
				"west": {"uv": [0, 0, 1.2, 6], "texture": "#1"},
				"up": {"uv": [0, 0, 1, 1], "texture": "#1"},
				"down": {"uv": [0, 0, 1.2, 1.2], "texture": "#1"}
			}
		},
		{
			"from": [7.6, 13.01043, 12.07488],
			"to": [8.4, 18.01043, 12.87488],
			"rotation": {"angle": -22.5, "axis": "x", "origin": [8, 2, 8]},
			"faces": {
				"north": {"uv": [5, 2, 5.8, 7], "texture": "#1"},
				"east": {"uv": [2, 2, 2.8, 7], "texture": "#1"},
				"south": {"uv": [4, 2, 4.8, 7], "texture": "#1"},
				"west": {"uv": [2, 2, 3.8, 7], "texture": "#1"},
				"up": {"uv": [3, 7, 3.8, 7.8], "texture": "#1"},
				"down": {"uv": [2, 7, 2.8, 7.8], "texture": "#1"}
			}
		}
	],
	"groups": [
		{
			"name": "group",
			"origin": [0, 0, 0],
			"color": 0,
			"nbt": "{}",
			"armAnimationEnabled": false,
			"children": [0, 1, 2]
		},
		{
			"name": "group",
			"origin": [0, 0, 0],
			"color": 0,
			"nbt": "{}",
			"armAnimationEnabled": false,
			"children": [3, 4, 5]
		},
		{
			"name": "group",
			"origin": [8, 15, 8],
			"color": 0,
			"nbt": "{}",
			"armAnimationEnabled": false,
			"children": [6, 7, 8, 9]
		}
	]
}