{
	"credit": "Made with Blockbench",
	"textures": {
		"1": "LMS. color",
		"particle": "LMS. color"
	},
	"elements": [
		{
			"from": [15.5, 4, 15.9],
			"to": [16.5, 11, 16],
			"rotation": {"angle": 0, "axis": "y", "origin": [7, 0, 0]},
			"faces": {
				"north": {"uv": [2, 7, 3, 14], "texture": "#1"},
				"east": {"uv": [3, 7, 4, 14], "texture": "#1"},
				"south": {"uv": [7, 0, 8, 7], "texture": "#1"},
				"west": {"uv": [1, 7, 2, 14], "texture": "#1"},
				"up": {"uv": [14, 13, 13, 12], "rotation": 180, "texture": "#1"},
				"down": {"uv": [14, 13, 13, 14], "rotation": 180, "texture": "#1"}
			}
		},
		{
			"from": [5.5, 4, 15.9],
			"to": [6.5, 11, 16],
			"rotation": {"angle": 0, "axis": "y", "origin": [7, 0, 0]},
			"faces": {
				"north": {"uv": [2, 0, 3, 7], "texture": "#1"},
				"east": {"uv": [3, 0, 4, 7], "texture": "#1"},
				"south": {"uv": [0, 0, 1, 7], "texture": "#1"},
				"west": {"uv": [1, 0, 2, 7], "texture": "#1"},
				"up": {"uv": [13, 13, 12, 12], "rotation": 180, "texture": "#1"},
				"down": {"uv": [14, 0, 13, 1], "rotation": 180, "texture": "#1"}
			}
		},
		{
			"from": [6.5, 9, 15.9],
			"to": [7.5, 10, 16],
			"rotation": {"angle": 0, "axis": "y", "origin": [7, 0, 0]},
			"faces": {
				"north": {"uv": [13, 3, 14, 4], "texture": "#1"},
				"east": {"uv": [4, 13, 5, 14], "texture": "#1"},
				"south": {"uv": [13, 1, 14, 2], "texture": "#1"},
				"west": {"uv": [13, 2, 14, 3], "texture": "#1"},
				"up": {"uv": [14, 5, 13, 4], "rotation": 180, "texture": "#1"},
				"down": {"uv": [6, 13, 5, 14], "rotation": 180, "texture": "#1"}
			}
		},
		{
			"from": [3.5, 9, 15.9],
			"to": [4.5, 10, 16],
			"rotation": {"angle": 0, "axis": "y", "origin": [7, 0, 0]},
			"faces": {
				"north": {"uv": [4, 12, 5, 13], "texture": "#1"},
				"east": {"uv": [12, 4, 13, 5], "texture": "#1"},
				"south": {"uv": [12, 2, 13, 3], "texture": "#1"},
				"west": {"uv": [12, 3, 13, 4], "texture": "#1"},
				"up": {"uv": [6, 13, 5, 12], "rotation": 180, "texture": "#1"},
				"down": {"uv": [13, 5, 12, 6], "rotation": 180, "texture": "#1"}
			}
		},
		{
			"from": [3.5, 5, 15.9],
			"to": [4.5, 6, 16],
			"rotation": {"angle": 0, "axis": "y", "origin": [7, 0, 0]},
			"faces": {
				"north": {"uv": [8, 12, 9, 13], "texture": "#1"},
				"east": {"uv": [12, 8, 13, 9], "texture": "#1"},
				"south": {"uv": [7, 12, 8, 13], "texture": "#1"},
				"west": {"uv": [12, 7, 13, 8], "texture": "#1"},
				"up": {"uv": [10, 13, 9, 12], "rotation": 180, "texture": "#1"},
				"down": {"uv": [11, 12, 10, 13], "rotation": 180, "texture": "#1"}
			}
		},
		{
			"from": [7.5, 8, 15.9],
			"to": [8.5, 9, 16],
			"rotation": {"angle": 0, "axis": "y", "origin": [7, 0, 0]},
			"faces": {
				"north": {"uv": [13, 6, 14, 7], "texture": "#1"},
				"east": {"uv": [7, 13, 8, 14], "texture": "#1"},
				"south": {"uv": [13, 5, 14, 6], "texture": "#1"},
				"west": {"uv": [6, 13, 7, 14], "texture": "#1"},
				"up": {"uv": [14, 8, 13, 7], "rotation": 180, "texture": "#1"},
				"down": {"uv": [9, 13, 8, 14], "rotation": 180, "texture": "#1"}
			}
		},
		{
			"from": [8.5, 9, 15.9],
			"to": [9.5, 10, 16],
			"rotation": {"angle": 0, "axis": "y", "origin": [7, 0, 0]},
			"faces": {
				"north": {"uv": [13, 9, 14, 10], "texture": "#1"},
				"east": {"uv": [10, 13, 11, 14], "texture": "#1"},
				"south": {"uv": [13, 8, 14, 9], "texture": "#1"},
				"west": {"uv": [9, 13, 10, 14], "texture": "#1"},
				"up": {"uv": [14, 11, 13, 10], "rotation": 180, "texture": "#1"},
				"down": {"uv": [12, 13, 11, 14], "rotation": 180, "texture": "#1"}
			}
		},
		{
			"from": [9.5, 4, 15.9],
			"to": [10.5, 11, 16],
			"rotation": {"angle": 0, "axis": "y", "origin": [7, 0, 0]},
			"faces": {
				"north": {"uv": [6, 0, 7, 7], "texture": "#1"},
				"east": {"uv": [0, 7, 1, 14], "texture": "#1"},
				"south": {"uv": [4, 0, 5, 7], "texture": "#1"},
				"west": {"uv": [5, 0, 6, 7], "texture": "#1"},
				"up": {"uv": [14, 12, 13, 11], "rotation": 180, "texture": "#1"},
				"down": {"uv": [13, 13, 12, 14], "rotation": 180, "texture": "#1"}
			}
		},
		{
			"from": [11.5, 4, 15.9],
			"to": [15.5, 5, 16],
			"rotation": {"angle": 0, "axis": "y", "origin": [7, 0, 0]},
			"faces": {
				"north": {"uv": [4, 8, 8, 9], "texture": "#1"},
				"east": {"uv": [14, 0, 15, 1], "texture": "#1"},
				"south": {"uv": [8, 3, 12, 4], "texture": "#1"},
				"west": {"uv": [0, 14, 1, 15], "texture": "#1"},
				"up": {"uv": [12, 5, 8, 4], "rotation": 180, "texture": "#1"},
				"down": {"uv": [12, 5, 8, 6], "rotation": 180, "texture": "#1"}
			}
		},
		{
			"from": [-0.5, 10, 15.9],
			"to": [3.5, 11, 16],
			"rotation": {"angle": 0, "axis": "y", "origin": [7, 0, 0]},
			"faces": {
				"north": {"uv": [8, 0, 12, 1], "texture": "#1"},
				"east": {"uv": [12, 1, 13, 2], "texture": "#1"},
				"south": {"uv": [4, 7, 8, 8], "texture": "#1"},
				"west": {"uv": [12, 0, 13, 1], "texture": "#1"},
				"up": {"uv": [12, 2, 8, 1], "rotation": 180, "texture": "#1"},
				"down": {"uv": [12, 2, 8, 3], "rotation": 180, "texture": "#1"}
			}
		},
		{
			"from": [0.5, 4, 15.9],
			"to": [3.5, 5, 16],
			"rotation": {"angle": 0, "axis": "y", "origin": [7, 0, 0]},
			"faces": {
				"north": {"uv": [10, 9, 13, 10], "texture": "#1"},
				"east": {"uv": [12, 11, 13, 12], "texture": "#1"},
				"south": {"uv": [7, 10, 10, 11], "texture": "#1"},
				"west": {"uv": [11, 12, 12, 13], "texture": "#1"},
				"up": {"uv": [13, 11, 10, 10], "rotation": 180, "texture": "#1"},
				"down": {"uv": [10, 11, 7, 12], "rotation": 180, "texture": "#1"}
			}
		},
		{
			"from": [0.5, 8, 15.9],
			"to": [3.5, 9, 16],
			"rotation": {"angle": 0, "axis": "y", "origin": [7, 0, 0]},
			"faces": {
				"north": {"uv": [7, 9, 10, 10], "texture": "#1"},
				"east": {"uv": [12, 6, 13, 7], "texture": "#1"},
				"south": {"uv": [9, 6, 12, 7], "texture": "#1"},
				"west": {"uv": [6, 12, 7, 13], "texture": "#1"},
				"up": {"uv": [12, 8, 9, 7], "rotation": 180, "texture": "#1"},
				"down": {"uv": [12, 8, 9, 9], "rotation": 180, "texture": "#1"}
			}
		},
		{
			"from": [-0.5, 5, 15.9],
			"to": [0.5, 8, 16],
			"rotation": {"angle": 0, "axis": "y", "origin": [7, 0, 0]},
			"faces": {
				"north": {"uv": [5, 9, 6, 12], "texture": "#1"},
				"east": {"uv": [6, 9, 7, 12], "texture": "#1"},
				"south": {"uv": [8, 6, 9, 9], "texture": "#1"},
				"west": {"uv": [4, 9, 5, 12], "texture": "#1"},
				"up": {"uv": [11, 12, 10, 11], "rotation": 180, "texture": "#1"},
				"down": {"uv": [12, 11, 11, 12], "rotation": 180, "texture": "#1"}
			}
		}
	]
}