{
	"credit": "Made with Blockbench",
	"texture_size": [32, 32],
	"textures": {
		"0": "block/texture",
		"particle": "block/texture"
	},
	"elements": [
		{
			"from": [-2.5, 4, 0],
			"to": [1.5, 5, 0.1],
			"faces": {
				"north": {"uv": [5.5, 2, 7.5, 2.5], "texture": "#0"},
				"east": {"uv": [7.5, 3, 8, 3.5], "texture": "#0"},
				"south": {"uv": [5.5, 2.5, 7.5, 3], "texture": "#0"},
				"west": {"uv": [3.5, 7.5, 4, 8], "texture": "#0"},
				"up": {"uv": [7.5, 3.5, 5.5, 3], "texture": "#0"},
				"down": {"uv": [7.5, 3.5, 5.5, 4], "texture": "#0"}
			}
		},
		{
			"from": [9.5, 4, 0],
			"to": [13.5, 5, 0.1],
			"faces": {
				"north": {"uv": [5.5, 4, 7.5, 4.5], "texture": "#0"},
				"east": {"uv": [7.5, 3.5, 8, 4], "texture": "#0"},
				"south": {"uv": [5.5, 4.5, 7.5, 5], "texture": "#0"},
				"west": {"uv": [4, 7.5, 4.5, 8], "texture": "#0"},
				"up": {"uv": [7.5, 5.5, 5.5, 5], "texture": "#0"},
				"down": {"uv": [7.5, 5.5, 5.5, 6], "texture": "#0"}
			}
		},
		{
			"from": [9.5, 10, 0],
			"to": [13.5, 11, 0.1],
			"faces": {
				"north": {"uv": [6, 0, 8, 0.5], "texture": "#0"},
				"east": {"uv": [7.5, 4, 8, 4.5], "texture": "#0"},
				"south": {"uv": [6, 0.5, 8, 1], "texture": "#0"},
				"west": {"uv": [4.5, 7.5, 5, 8], "texture": "#0"},
				"up": {"uv": [8, 1.5, 6, 1], "texture": "#0"},
				"down": {"uv": [8, 1.5, 6, 2], "texture": "#0"}
			}
		},
		{
			"from": [9.5, 8, 0],
			"to": [11.5, 9, 0.1],
			"faces": {
				"north": {"uv": [0, 7.5, 1, 8], "texture": "#0"},
				"east": {"uv": [7.5, 4.5, 8, 5], "texture": "#0"},
				"south": {"uv": [1, 7.5, 2, 8], "texture": "#0"},
				"west": {"uv": [5, 7.5, 5.5, 8], "texture": "#0"},
				"up": {"uv": [3, 8, 2, 7.5], "texture": "#0"},
				"down": {"uv": [8.5, 2, 7.5, 2.5], "texture": "#0"}
			}
		},
		{
			"from": [-3.5, 4, 0],
			"to": [-2.5, 11, 0.1],
			"faces": {
				"north": {"uv": [0, 0, 0.5, 3.5], "texture": "#0"},
				"east": {"uv": [0.5, 0, 1, 3.5], "texture": "#0"},
				"south": {"uv": [1, 0, 1.5, 3.5], "texture": "#0"},
				"west": {"uv": [1.5, 0, 2, 3.5], "texture": "#0"},
				"up": {"uv": [8, 5.5, 7.5, 5], "texture": "#0"},
				"down": {"uv": [6, 7.5, 5.5, 8], "texture": "#0"}
			}
		},
		{
			"from": [8.5, 4, 0],
			"to": [9.5, 11, 0.1],
			"faces": {
				"north": {"uv": [2, 0, 2.5, 3.5], "texture": "#0"},
				"east": {"uv": [2.5, 0, 3, 3.5], "texture": "#0"},
				"south": {"uv": [3, 0, 3.5, 3.5], "texture": "#0"},
				"west": {"uv": [0, 3.5, 0.5, 7], "texture": "#0"},
				"up": {"uv": [8, 6, 7.5, 5.5], "texture": "#0"},
				"down": {"uv": [6.5, 7.5, 6, 8], "texture": "#0"}
			}
		},
		{
			"from": [2.5, 4, 0],
			"to": [3.5, 11, 0.1],
			"faces": {
				"north": {"uv": [3.5, 0, 4, 3.5], "texture": "#0"},
				"east": {"uv": [0.5, 3.5, 1, 7], "texture": "#0"},
				"south": {"uv": [1, 3.5, 1.5, 7], "texture": "#0"},
				"west": {"uv": [1.5, 3.5, 2, 7], "texture": "#0"},
				"up": {"uv": [7, 8, 6.5, 7.5], "texture": "#0"},
				"down": {"uv": [7.5, 7.5, 7, 8], "texture": "#0"}
			}
		},
		{
			"from": [6.5, 4, 0],
			"to": [7.5, 11, 0.1],
			"faces": {
				"north": {"uv": [2, 3.5, 2.5, 7], "texture": "#0"},
				"east": {"uv": [2.5, 3.5, 3, 7], "texture": "#0"},
				"south": {"uv": [3, 3.5, 3.5, 7], "texture": "#0"},
				"west": {"uv": [3.5, 3.5, 4, 7], "texture": "#0"},
				"up": {"uv": [8, 8, 7.5, 7.5], "texture": "#0"},
				"down": {"uv": [0.5, 8, 0, 8.5], "texture": "#0"}
			}
		},
		{
			"from": [4.5, 8, 0],
			"to": [5.5, 9, 0.1],
			"faces": {
				"north": {"uv": [8, 0, 8.5, 0.5], "texture": "#0"},
				"east": {"uv": [0.5, 8, 1, 8.5], "texture": "#0"},
				"south": {"uv": [8, 0.5, 8.5, 1], "texture": "#0"},
				"west": {"uv": [1, 8, 1.5, 8.5], "texture": "#0"},
				"up": {"uv": [8.5, 1.5, 8, 1], "texture": "#0"},
				"down": {"uv": [2, 8, 1.5, 8.5], "texture": "#0"}
			}
		},
		{
			"from": [5.5, 7, 0],
			"to": [6.5, 8, 0.1],
			"faces": {
				"north": {"uv": [8, 1.5, 8.5, 2], "texture": "#0"},
				"east": {"uv": [2, 8, 2.5, 8.5], "texture": "#0"},
				"south": {"uv": [2.5, 8, 3, 8.5], "texture": "#0"},
				"west": {"uv": [8, 2.5, 8.5, 3], "texture": "#0"},
				"up": {"uv": [3.5, 8.5, 3, 8], "texture": "#0"},
				"down": {"uv": [8.5, 3, 8, 3.5], "texture": "#0"}
			}
		},
		{
			"from": [3.5, 9, 0],
			"to": [4.5, 10, 0.1],
			"faces": {
				"north": {"uv": [3.5, 8, 4, 8.5], "texture": "#0"},
				"east": {"uv": [8, 3.5, 8.5, 4], "texture": "#0"},
				"south": {"uv": [4, 8, 4.5, 8.5], "texture": "#0"},
				"west": {"uv": [8, 4, 8.5, 4.5], "texture": "#0"},
				"up": {"uv": [5, 8.5, 4.5, 8], "texture": "#0"},
				"down": {"uv": [8.5, 4.5, 8, 5], "texture": "#0"}
			}
		},
		{
			"from": [14.5, 10, 0],
			"to": [18.5, 11, 0.1],
			"faces": {
				"north": {"uv": [5, 6, 7, 6.5], "texture": "#0"},
				"east": {"uv": [5, 8, 5.5, 8.5], "texture": "#0"},
				"south": {"uv": [5, 6.5, 7, 7], "texture": "#0"},
				"west": {"uv": [8, 5, 8.5, 5.5], "texture": "#0"},
				"up": {"uv": [2, 7.5, 0, 7], "texture": "#0"},
				"down": {"uv": [4, 7, 2, 7.5], "texture": "#0"}
			}
		},
		{
			"from": [14.5, 8, 0],
			"to": [18.5, 9, 0.1],
			"faces": {
				"north": {"uv": [4, 7, 6, 7.5], "texture": "#0"},
				"east": {"uv": [5.5, 8, 6, 8.5], "texture": "#0"},
				"south": {"uv": [6, 7, 8, 7.5], "texture": "#0"},
				"west": {"uv": [8, 5.5, 8.5, 6], "texture": "#0"},
				"up": {"uv": [9, 6.5, 7, 6], "texture": "#0"},
				"down": {"uv": [9, 6.5, 7, 7], "texture": "#0"}
			}
		},
		{
			"from": [14.5, 4, 0],
			"to": [15.5, 11, 0.1],
			"faces": {
				"north": {"uv": [4, 0, 4.5, 3.5], "texture": "#0"},
				"east": {"uv": [4, 3.5, 4.5, 7], "texture": "#0"},
				"south": {"uv": [4.5, 0, 5, 3.5], "texture": "#0"},
				"west": {"uv": [4.5, 3.5, 5, 7], "texture": "#0"},
				"up": {"uv": [6.5, 8.5, 6, 8], "texture": "#0"},
				"down": {"uv": [7, 8, 6.5, 8.5], "texture": "#0"}
			}
		},
		{
			"from": [18.5, 9, 0],
			"to": [19.5, 10, 0.1],
			"faces": {
				"north": {"uv": [7, 8, 7.5, 8.5], "texture": "#0"},
				"east": {"uv": [8, 7, 8.5, 7.5], "texture": "#0"},
				"south": {"uv": [7.5, 8, 8, 8.5], "texture": "#0"},
				"west": {"uv": [8, 7.5, 8.5, 8], "texture": "#0"},
				"up": {"uv": [8.5, 8.5, 8, 8], "texture": "#0"},
				"down": {"uv": [0.5, 8.5, 0, 9], "texture": "#0"}
			}
		},
		{
			"from": [18.5, 4, 0],
			"to": [19.5, 8, 0.1],
			"faces": {
				"north": {"uv": [5, 0, 5.5, 2], "texture": "#0"},
				"east": {"uv": [5, 2, 5.5, 4], "texture": "#0"},
				"south": {"uv": [5, 4, 5.5, 6], "texture": "#0"},
				"west": {"uv": [5.5, 0, 6, 2], "texture": "#0"},
				"up": {"uv": [8, 3, 7.5, 2.5], "texture": "#0"},
				"down": {"uv": [3.5, 7.5, 3, 8], "texture": "#0"}
			}
		}
	]
}