{
	"credit": "Made with Blockbench",
	"textures": {
		"0": "andesite_bricks",
		"1": "andesite_casing",
		"3": "brass_block",
		"7": "chute_block",
		"particle": "andesite_bricks"
	},
	"elements": [
		{
			"from": [5.9, 8, 10.0007],
			"to": [10.1, 18, 20.0007],
			"rotation": {"angle": 0, "axis": "y", "origin": [8, 13, 13]},
			"faces": {
				"north": {"uv": [0, 0, 4.2, 10], "texture": "#7"},
				"east": {"uv": [0, 0, 10, 10], "texture": "#7"},
				"south": {"uv": [0, 0, 4.2, 10], "texture": "#7"},
				"west": {"uv": [0, 0, 10, 10], "texture": "#7"},
				"up": {"uv": [0, 0, 4.2, 10], "texture": "#7"},
				"down": {"uv": [0, 0, 4.2, 10], "texture": "#7"}
			}
		},
		{
			"from": [6, 4, 8],
			"to": [7, 11, 14],
			"rotation": {"angle": -45, "axis": "x", "origin": [8, 13, 13]},
			"faces": {
				"north": {"uv": [0, 0, 1, 7], "texture": "#7"},
				"east": {"uv": [0, 0, 6, 7], "texture": "#7"},
				"south": {"uv": [0, 0, 1, 7], "texture": "#7"},
				"west": {"uv": [0, 0, 6, 7], "texture": "#7"},
				"up": {"uv": [0, 0, 1, 6], "texture": "#7"},
				"down": {"uv": [0, 0, 1, 6], "texture": "#7"}
			}
		},
		{
			"from": [9, 4, 8],
			"to": [10, 11, 14],
			"rotation": {"angle": -45, "axis": "x", "origin": [8, 13, 13]},
			"faces": {
				"north": {"uv": [0, 0, 1, 7], "texture": "#7"},
				"east": {"uv": [0, 0, 6, 7], "texture": "#7"},
				"south": {"uv": [0, 0, 1, 7], "texture": "#7"},
				"west": {"uv": [0, 0, 6, 7], "texture": "#7"},
				"up": {"uv": [0, 0, 1, 6], "texture": "#7"},
				"down": {"uv": [0, 0, 1, 6], "texture": "#7"}
			}
		},
		{
			"from": [3, 10.9, 10.0007],
			"to": [13, 15.1, 20.0007],
			"rotation": {"angle": 0, "axis": "z", "origin": [8, 13, 13]},
			"faces": {
				"north": {"uv": [0, 0, 4.2, 10], "rotation": 270, "texture": "#7"},
				"east": {"uv": [0, 0, 4.2, 10], "rotation": 90, "texture": "#7"},
				"south": {"uv": [0, 0, 4.2, 10], "rotation": 90, "texture": "#7"},
				"west": {"uv": [0, 0, 4.2, 10], "rotation": 90, "texture": "#7"},
				"up": {"uv": [0, 0, 10, 10], "rotation": 90, "texture": "#7"},
				"down": {"uv": [0, 0, 10, 10], "rotation": 90, "texture": "#7"}
			}
		},
		{
			"from": [2, 10.9, 13],
			"to": [3, 11.9, 21],
			"rotation": {"angle": -22.5, "axis": "y", "origin": [8, 13, 13]},
			"faces": {
				"north": {"uv": [0, 0, 1, 1], "rotation": 270, "texture": "#7"},
				"east": {"uv": [0, 0, 1, 8], "rotation": 90, "texture": "#7"},
				"south": {"uv": [0, 0, 1, 1], "rotation": 90, "texture": "#7"},
				"west": {"uv": [0, 0, 1, 8], "rotation": 90, "texture": "#7"},
				"up": {"uv": [0, 0, 8, 1], "rotation": 90, "texture": "#7"},
				"down": {"uv": [0, 0, 8, 1], "rotation": 90, "texture": "#7"}
			}
		},
		{
			"from": [2, 14.1, 13],
			"to": [3, 15.1, 21],
			"rotation": {"angle": -22.5, "axis": "y", "origin": [8, 13, 13]},
			"faces": {
				"north": {"uv": [0, 0, 1, 1], "rotation": 270, "texture": "#7"},
				"east": {"uv": [0, 0, 1, 8], "rotation": 90, "texture": "#7"},
				"south": {"uv": [0, 0, 1, 1], "rotation": 90, "texture": "#7"},
				"west": {"uv": [0, 0, 1, 8], "rotation": 90, "texture": "#7"},
				"up": {"uv": [0, 0, 8, 1], "rotation": 90, "texture": "#7"},
				"down": {"uv": [0, 0, 8, 1], "rotation": 90, "texture": "#7"}
			}
		},
		{
			"from": [2, 11.9, 13],
			"to": [3, 14.1, 14],
			"rotation": {"angle": -22.5, "axis": "y", "origin": [8, 13, 13]},
			"faces": {
				"north": {"uv": [0, 0, 2.2, 1], "rotation": 270, "texture": "#7"},
				"east": {"uv": [0, 0, 2.2, 1], "rotation": 90, "texture": "#7"},
				"south": {"uv": [0, 0, 2.2, 1], "rotation": 90, "texture": "#7"},
				"west": {"uv": [0, 0, 2.2, 1], "rotation": 90, "texture": "#7"},
				"up": {"uv": [0, 0, 1, 1], "rotation": 90, "texture": "#7"},
				"down": {"uv": [0, 0, 1, 1], "rotation": 90, "texture": "#7"}
			}
		},
		{
			"from": [2, 11.9, 20],
			"to": [3, 14.1, 21],
			"rotation": {"angle": -22.5, "axis": "y", "origin": [8, 13, 13]},
			"faces": {
				"north": {"uv": [0, 0, 2.2, 1], "rotation": 270, "texture": "#7"},
				"east": {"uv": [0, 0, 2.2, 1], "rotation": 90, "texture": "#7"},
				"south": {"uv": [0, 0, 2.2, 1], "rotation": 90, "texture": "#7"},
				"west": {"uv": [0, 0, 2.2, 1], "rotation": 90, "texture": "#7"},
				"up": {"uv": [0, 0, 1, 1], "rotation": 90, "texture": "#7"},
				"down": {"uv": [0, 0, 1, 1], "rotation": 90, "texture": "#7"}
			}
		},
		{
			"from": [2, 11.9, 14],
			"to": [3, 14.1, 20],
			"rotation": {"angle": -22.5, "axis": "y", "origin": [8, 13, 13]},
			"faces": {
				"north": {"uv": [0, 0, 2.2, 1], "rotation": 270, "texture": "#0"},
				"east": {"uv": [0, 0, 2.2, 6], "rotation": 90, "texture": "#0"},
				"south": {"uv": [0, 0, 2.2, 1], "rotation": 90, "texture": "#0"},
				"west": {"uv": [0, 0, 2.2, 6], "rotation": 90, "texture": "#0"},
				"up": {"uv": [0, 0, 6, 1], "rotation": 90, "texture": "#0"},
				"down": {"uv": [0, 0, 6, 1], "rotation": 90, "texture": "#0"}
			}
		},
		{
			"from": [13, 14.1, 13],
			"to": [14, 15.1, 21],
			"rotation": {"angle": 22.5, "axis": "y", "origin": [8, 13, 13]},
			"faces": {
				"north": {"uv": [0, 0, 1, 1], "rotation": 90, "texture": "#7"},
				"east": {"uv": [0, 0, 1, 8], "rotation": 90, "texture": "#7"},
				"south": {"uv": [0, 0, 1, 1], "rotation": 270, "texture": "#7"},
				"west": {"uv": [0, 0, 1, 8], "rotation": 90, "texture": "#7"},
				"up": {"uv": [0, 0, 8, 1], "rotation": 270, "texture": "#7"},
				"down": {"uv": [0, 0, 8, 1], "rotation": 270, "texture": "#7"}
			}
		},
		{
			"from": [13, 11.9, 20],
			"to": [14, 14.1, 21],
			"rotation": {"angle": 22.5, "axis": "y", "origin": [8, 13, 13]},
			"faces": {
				"north": {"uv": [0, 0, 2.2, 1], "rotation": 90, "texture": "#7"},
				"east": {"uv": [0, 0, 2.2, 1], "rotation": 90, "texture": "#7"},
				"south": {"uv": [0, 0, 2.2, 1], "rotation": 270, "texture": "#7"},
				"west": {"uv": [0, 0, 2.2, 1], "rotation": 90, "texture": "#7"},
				"up": {"uv": [0, 0, 1, 1], "rotation": 270, "texture": "#7"},
				"down": {"uv": [0, 0, 1, 1], "rotation": 270, "texture": "#7"}
			}
		},
		{
			"from": [13, 11.9, 14],
			"to": [14, 14.1, 20],
			"rotation": {"angle": 22.5, "axis": "y", "origin": [8, 13, 13]},
			"faces": {
				"north": {"uv": [0, 0, 2.2, 1], "rotation": 90, "texture": "#0"},
				"east": {"uv": [0, 0, 2.2, 6], "rotation": 90, "texture": "#0"},
				"south": {"uv": [0, 0, 2.2, 1], "rotation": 270, "texture": "#0"},
				"west": {"uv": [0, 0, 2.2, 6], "rotation": 90, "texture": "#0"},
				"up": {"uv": [0, 0, 6, 1], "rotation": 270, "texture": "#0"},
				"down": {"uv": [0, 0, 6, 1], "rotation": 270, "texture": "#0"}
			}
		},
		{
			"from": [13, 11.9, 13],
			"to": [14, 14.1, 14],
			"rotation": {"angle": 22.5, "axis": "y", "origin": [8, 13, 13]},
			"faces": {
				"north": {"uv": [0, 0, 2.2, 1], "rotation": 90, "texture": "#7"},
				"east": {"uv": [0, 0, 2.2, 1], "rotation": 90, "texture": "#7"},
				"south": {"uv": [0, 0, 2.2, 1], "rotation": 270, "texture": "#7"},
				"west": {"uv": [0, 0, 2.2, 1], "rotation": 90, "texture": "#7"},
				"up": {"uv": [0, 0, 1, 1], "rotation": 270, "texture": "#7"},
				"down": {"uv": [0, 0, 1, 1], "rotation": 270, "texture": "#7"}
			}
		},
		{
			"from": [13, 10.9, 13],
			"to": [14, 11.9, 21],
			"rotation": {"angle": 22.5, "axis": "y", "origin": [8, 13, 13]},
			"faces": {
				"north": {"uv": [0, 0, 1, 1], "rotation": 90, "texture": "#7"},
				"east": {"uv": [0, 0, 1, 8], "rotation": 90, "texture": "#7"},
				"south": {"uv": [0, 0, 1, 1], "rotation": 270, "texture": "#7"},
				"west": {"uv": [0, 0, 1, 8], "rotation": 90, "texture": "#7"},
				"up": {"uv": [0, 0, 8, 1], "rotation": 270, "texture": "#7"},
				"down": {"uv": [0, 0, 8, 1], "rotation": 270, "texture": "#7"}
			}
		},
		{
			"from": [3, 11.9, 13],
			"to": [5, 14.1, 21],
			"rotation": {"angle": -22.5, "axis": "y", "origin": [8, 13, 13]},
			"faces": {
				"north": {"uv": [0, 0, 2.2, 2], "rotation": 270, "texture": "#1"},
				"east": {"uv": [0, 0, 2.2, 8], "rotation": 90, "texture": "#1"},
				"south": {"uv": [0, 0, 2.2, 2], "rotation": 90, "texture": "#1"},
				"west": {"uv": [0, 0, 2.2, 8], "rotation": 90, "texture": "#1"},
				"up": {"uv": [0, 0, 8, 2], "rotation": 90, "texture": "#1"},
				"down": {"uv": [0, 0, 8, 2], "rotation": 90, "texture": "#1"}
			}
		},
		{
			"from": [11, 11.9, 13],
			"to": [13, 14.1, 21],
			"rotation": {"angle": 22.5, "axis": "y", "origin": [8, 13, 13]},
			"faces": {
				"north": {"uv": [0, 0, 2.2, 2], "rotation": 90, "texture": "#1"},
				"east": {"uv": [0, 0, 2.2, 8], "rotation": 90, "texture": "#1"},
				"south": {"uv": [0, 0, 2.2, 2], "rotation": 270, "texture": "#1"},
				"west": {"uv": [0, 0, 2.2, 8], "rotation": 90, "texture": "#1"},
				"up": {"uv": [0, 0, 8, 2], "rotation": 270, "texture": "#1"},
				"down": {"uv": [0, 0, 8, 2], "rotation": 270, "texture": "#1"}
			}
		},
		{
			"from": [4, 11.3, 9],
			"to": [12, 14.7, 17],
			"rotation": {"angle": 0, "axis": "z", "origin": [8, 13, 13]},
			"faces": {
				"north": {"uv": [4, 3, 12.4, 13], "rotation": 270, "texture": "#3"},
				"east": {"uv": [5, 4, 3.4, 13], "rotation": 90, "texture": "#3"},
				"south": {"uv": [12, 3, 3.4, 13], "rotation": 90, "texture": "#3"},
				"west": {"uv": [4, 3, 4.4, 13], "rotation": 90, "texture": "#3"},
				"up": {"uv": [4, 3, 13, 10], "rotation": 90, "texture": "#3"},
				"down": {"uv": [4, 3, 12, 10], "rotation": 90, "texture": "#3"}
			}
		},
		{
			"from": [6.3, 9, 9],
			"to": [9.7, 17, 17],
			"rotation": {"angle": 0, "axis": "z", "origin": [8, 13, 13]},
			"faces": {
				"north": {"uv": [4, 3, 12.4, 13], "texture": "#3"},
				"east": {"uv": [4, 4, 12, 10], "texture": "#3"},
				"south": {"uv": [12, 3, 3.4, 13], "texture": "#3"},
				"west": {"uv": [4, 3, 12, 10], "texture": "#3"},
				"up": {"uv": [4, 3, 5.4, 13], "texture": "#3"},
				"down": {"uv": [5, 3, 3.4, 13], "texture": "#3"}
			}
		},
		{
			"from": [6.3, 9, 8.9992],
			"to": [9.7, 17, 16.9992],
			"rotation": {"angle": 45, "axis": "z", "origin": [8, 13, 13]},
			"faces": {
				"north": {"uv": [4, 3, 12.4, 13], "texture": "#3"},
				"east": {"uv": [4, 4, 12, 10], "texture": "#3"},
				"south": {"uv": [12, 3, 3.4, 13], "texture": "#3"},
				"west": {"uv": [4, 3, 12, 10], "texture": "#3"},
				"up": {"uv": [4, 3, 5.4, 13], "texture": "#3"},
				"down": {"uv": [5, 3, 3.4, 13], "texture": "#3"}
			}
		},
		{
			"from": [4, 11.3, 8.9995],
			"to": [12, 14.7, 16.9995],
			"rotation": {"angle": 45, "axis": "z", "origin": [8, 13, 13]},
			"faces": {
				"north": {"uv": [4, 3, 12.4, 13], "rotation": 270, "texture": "#3"},
				"east": {"uv": [5, 4, 3.4, 13], "rotation": 90, "texture": "#3"},
				"south": {"uv": [12, 3, 3.4, 13], "rotation": 90, "texture": "#3"},
				"west": {"uv": [4, 3, 4.4, 13], "rotation": 90, "texture": "#3"},
				"up": {"uv": [4, 3, 13, 10], "rotation": 90, "texture": "#3"},
				"down": {"uv": [4, 3, 12, 10], "rotation": 90, "texture": "#3"}
			}
		},
		{
			"from": [5.9, 8, 10],
			"to": [10.1, 18, 20],
			"rotation": {"angle": 45, "axis": "z", "origin": [8, 13, 13]},
			"faces": {
				"north": {"uv": [0, 0, 4.2, 10], "rotation": 180, "texture": "#7"},
				"east": {"uv": [0, 0, 10, 10], "rotation": 180, "texture": "#7"},
				"south": {"uv": [0, 0, 4.2, 10], "rotation": 180, "texture": "#7"},
				"west": {"uv": [0, 0, 10, 10], "rotation": 180, "texture": "#7"},
				"up": {"uv": [0, 0, 4.2, 10], "rotation": 180, "texture": "#7"},
				"down": {"uv": [0, 0, 4.2, 10], "rotation": 180, "texture": "#7"}
			}
		},
		{
			"from": [3, 10.9, 10.006],
			"to": [13, 15.1, 20.006],
			"rotation": {"angle": 45, "axis": "z", "origin": [8, 13, 13]},
			"faces": {
				"north": {"uv": [0, 0, 4.2, 10], "rotation": 270, "texture": "#7"},
				"east": {"uv": [0, 0, 4.2, 10], "rotation": 90, "texture": "#7"},
				"south": {"uv": [0, 0, 4.2, 10], "rotation": 90, "texture": "#7"},
				"west": {"uv": [0, 0, 4.2, 10], "rotation": 90, "texture": "#7"},
				"up": {"uv": [0, 0, 10, 10], "rotation": 90, "texture": "#7"},
				"down": {"uv": [0, 0, 10, 10], "rotation": 90, "texture": "#7"}
			}
		}
	]
}