{
	"credit": "Made with Blockbench",
	"textures": {
		"3": "chute_block",
		"8": "top",
		"9": "andesite_casing",
		"particle": "Smithing_Table_(bottom_texture)_JE1_BE1"
	},
	"elements": [
		{
			"from": [0, 8, 0],
			"to": [16, 16, 16],
			"faces": {
				"north": {"uv": [8, 8, 16, 12.5], "texture": "#8"},
				"east": {"uv": [0, 8, 8, 12.5], "texture": "#8"},
				"south": {"uv": [8, 8, 16, 12.5], "texture": "#8"},
				"west": {"uv": [0, 8, 8, 12.5], "texture": "#8"},
				"up": {"uv": [0, 0, 8, 8], "texture": "#8"},
				"down": {"uv": [0, 0, 8, 8], "texture": "#8"}
			}
		},
		{
			"from": [16, 15, 0],
			"to": [32, 16, 16],
			"faces": {
				"north": {"uv": [0, 0, 16, 1], "texture": "#3"},
				"east": {"uv": [0, 0, 16, 1], "texture": "#3"},
				"south": {"uv": [0, 0, 16, 1], "texture": "#3"},
				"west": {"uv": [0, 0, 16, 1], "texture": "#3"},
				"up": {"uv": [0, 0, 16, 16], "texture": "#3"},
				"down": {"uv": [0, 0, 16, 16], "texture": "#3"}
			}
		},
		{
			"from": [-16, 15, 0],
			"to": [0, 16, 16],
			"faces": {
				"north": {"uv": [0, 0, 16, 1], "texture": "#3"},
				"east": {"uv": [0, 0, 16, 1], "texture": "#3"},
				"south": {"uv": [0, 0, 16, 1], "texture": "#3"},
				"west": {"uv": [0, 0, 16, 1], "texture": "#3"},
				"up": {"uv": [0, 0, 16, 16], "texture": "#3"},
				"down": {"uv": [0, 0, 16, 16], "texture": "#3"}
			}
		},
		{
			"from": [-15, 13, 0],
			"to": [-13, 15, 16],
			"faces": {
				"north": {"uv": [0, 0, 2, 2], "texture": "#9"},
				"east": {"uv": [0, 0, 16, 2], "texture": "#9"},
				"south": {"uv": [0, 0, 2, 2], "texture": "#9"},
				"west": {"uv": [0, 0, 16, 2], "texture": "#9"},
				"up": {"uv": [0, 0, 2, 16], "texture": "#9"},
				"down": {"uv": [0, 0, 2, 16], "texture": "#9"}
			}
		},
		{
			"from": [29, 13, 0],
			"to": [31, 15, 16],
			"faces": {
				"north": {"uv": [0, 0, 2, 2], "texture": "#9"},
				"east": {"uv": [0, 0, 16, 2], "texture": "#9"},
				"south": {"uv": [0, 0, 2, 2], "texture": "#9"},
				"west": {"uv": [0, 0, 16, 2], "texture": "#9"},
				"up": {"uv": [0, 0, 2, 16], "texture": "#9"},
				"down": {"uv": [0, 0, 2, 16], "texture": "#9"}
			}
		}
	]
}