{
	"credit": "Made with Blockbench",
	"textures": {
		"2": "brass_casing_connected",
		"3": "andesite_casing"
	},
	"elements": [
		{
			"from": [3, 5, 27],
			"to": [13, 6, 31],
			"rotation": {"angle": 0, "axis": "y", "origin": [11, 0, 29]},
			"faces": {
				"north": {"uv": [0, 14, 2.375, 14.25], "texture": "#2"},
				"east": {"uv": [0, 14, 1, 14.25], "texture": "#2"},
				"south": {"uv": [0, 14, 2.375, 14.25], "texture": "#2"},
				"west": {"uv": [0, 14, 1.25, 14.25], "texture": "#2"},
				"up": {"uv": [0, 6.375, 2.875, 7.625], "texture": "#2"},
				"down": {"uv": [0, 0, 10, 4], "texture": "#missing"}
			}
		},
		{
			"from": [3, 0, 27],
			"to": [13, 1, 31],
			"rotation": {"angle": 0, "axis": "y", "origin": [11, 0, 29]},
			"faces": {
				"north": {"uv": [0, 1.75, 2, 2], "texture": "#2"},
				"east": {"uv": [0, 5.75, 0.875, 6], "texture": "#2"},
				"south": {"uv": [0, 1.75, 1.875, 2], "texture": "#2"},
				"west": {"uv": [0, 1.75, 1.875, 2], "texture": "#2"},
				"up": {"uv": [0, 0, 1.75, 2], "texture": "#2"},
				"down": {"uv": [0, 12.625, 2.75, 13.75], "texture": "#2"}
			}
		},
		{
			"from": [6, 1, 28],
			"to": [19, 2, 30],
			"rotation": {"angle": 0, "axis": "y", "origin": [11, 0, 29]},
			"faces": {
				"north": {"uv": [3, 1, 16, 2], "texture": "#3"},
				"east": {"uv": [0, 1, 2, 2], "texture": "#3"},
				"south": {"uv": [0, 0, 13, 1], "texture": "#3"},
				"west": {"uv": [0, 0, 2, 1], "texture": "#missing"},
				"up": {"uv": [0, 14, 13, 16], "texture": "#3"},
				"down": {"uv": [0, 0, 13, 2], "texture": "#3"}
			}
		},
		{
			"from": [6, 4, 28],
			"to": [19, 5, 30],
			"rotation": {"angle": 0, "axis": "y", "origin": [11, 0, 29]},
			"faces": {
				"north": {"uv": [3, 1, 16, 2], "texture": "#3"},
				"east": {"uv": [0, 1, 2, 2], "texture": "#3"},
				"south": {"uv": [0, 0, 13, 1], "texture": "#3"},
				"west": {"uv": [0, 0, 2, 1], "texture": "#missing"},
				"up": {"uv": [0, 14, 13, 16], "texture": "#3"},
				"down": {"uv": [0, 0, 13, 2], "texture": "#3"}
			}
		},
		{
			"from": [6, 1, 28],
			"to": [10, 8, 30],
			"rotation": {"angle": 0, "axis": "y", "origin": [11, 0, 29]},
			"faces": {
				"north": {"uv": [5, 14, 13, 16], "texture": "#3"},
				"east": {"uv": [0, 2, 2, 9], "texture": "#3"},
				"south": {"uv": [14, 0, 16, 3], "texture": "#3"},
				"west": {"uv": [0, 9, 2, 16], "texture": "#3"},
				"up": {"uv": [2, 0, 6, 2], "texture": "#3"},
				"down": {"uv": [0, 0, 4, 2], "texture": "#missing"}
			}
		},
		{
			"from": [3, 1, 26],
			"to": [13, 5, 32],
			"rotation": {"angle": 0, "axis": "y", "origin": [11, 0, 29]},
			"faces": {
				"north": {"uv": [0, 0, 2, 0.75], "texture": "#2"},
				"east": {"uv": [0, 0, 2, 0.75], "texture": "#2"},
				"south": {"uv": [0, 0, 2, 0.75], "texture": "#2"},
				"west": {"uv": [0.375, 0, 1.5, 0.75], "texture": "#2"},
				"up": {"uv": [0, 0, 2, 2], "texture": "#2"},
				"down": {"uv": [0, 0, 2, 2], "texture": "#2"}
			}
		},
		{
			"from": [3, 5, -15],
			"to": [13, 6, -11],
			"rotation": {"angle": 0, "axis": "y", "origin": [11, 0, -22]},
			"faces": {
				"north": {"uv": [0, 14, 2.375, 14.25], "texture": "#2"},
				"east": {"uv": [0, 14, 1, 14.25], "texture": "#2"},
				"south": {"uv": [0, 14, 2.375, 14.25], "texture": "#2"},
				"west": {"uv": [0, 14, 1.25, 14.25], "texture": "#2"},
				"up": {"uv": [0, 6.375, 2.875, 7.625], "texture": "#2"},
				"down": {"uv": [0, 0, 10, 4], "texture": "#missing"}
			}
		},
		{
			"from": [3, 0, -15],
			"to": [13, 1, -11],
			"rotation": {"angle": 0, "axis": "y", "origin": [11, 0, -22]},
			"faces": {
				"north": {"uv": [0, 1.75, 2, 2], "texture": "#2"},
				"east": {"uv": [0, 5.75, 0.875, 6], "texture": "#2"},
				"south": {"uv": [0, 1.75, 1.875, 2], "texture": "#2"},
				"west": {"uv": [0, 1.75, 1.875, 2], "texture": "#2"},
				"up": {"uv": [0, 0, 1.75, 2], "texture": "#2"},
				"down": {"uv": [0, 12.625, 2.75, 13.75], "texture": "#2"}
			}
		},
		{
			"from": [6, 1, -14],
			"to": [19, 2, -12],
			"rotation": {"angle": 0, "axis": "y", "origin": [11, 0, -22]},
			"faces": {
				"north": {"uv": [3, 1, 16, 2], "texture": "#3"},
				"east": {"uv": [0, 1, 2, 2], "texture": "#3"},
				"south": {"uv": [0, 0, 13, 1], "texture": "#3"},
				"west": {"uv": [0, 0, 2, 1], "texture": "#missing"},
				"up": {"uv": [0, 14, 13, 16], "texture": "#3"},
				"down": {"uv": [0, 0, 13, 2], "texture": "#3"}
			}
		},
		{
			"from": [6, 4, -14],
			"to": [19, 5, -12],
			"rotation": {"angle": 0, "axis": "y", "origin": [11, 0, -22]},
			"faces": {
				"north": {"uv": [3, 1, 16, 2], "texture": "#3"},
				"east": {"uv": [0, 1, 2, 2], "texture": "#3"},
				"south": {"uv": [0, 0, 13, 1], "texture": "#3"},
				"west": {"uv": [0, 0, 2, 1], "texture": "#missing"},
				"up": {"uv": [0, 14, 13, 16], "texture": "#3"},
				"down": {"uv": [0, 0, 13, 2], "texture": "#3"}
			}
		},
		{
			"from": [6, 1, -14],
			"to": [10, 8, -12],
			"rotation": {"angle": 0, "axis": "y", "origin": [11, 0, -22]},
			"faces": {
				"north": {"uv": [5, 14, 13, 16], "texture": "#3"},
				"east": {"uv": [0, 2, 2, 9], "texture": "#3"},
				"south": {"uv": [14, 0, 16, 3], "texture": "#3"},
				"west": {"uv": [0, 9, 2, 16], "texture": "#3"},
				"up": {"uv": [2, 0, 6, 2], "texture": "#3"},
				"down": {"uv": [0, 0, 4, 2], "texture": "#missing"}
			}
		},
		{
			"from": [3, 1, -16],
			"to": [13, 5, -10],
			"rotation": {"angle": 0, "axis": "y", "origin": [11, 0, -22]},
			"faces": {
				"north": {"uv": [0, 0, 2, 0.75], "texture": "#2"},
				"east": {"uv": [0, 0, 2, 0.75], "texture": "#2"},
				"south": {"uv": [0, 0, 2, 0.75], "texture": "#2"},
				"west": {"uv": [0.375, 0, 1.5, 0.75], "texture": "#2"},
				"up": {"uv": [0, 0, 2, 2], "texture": "#2"},
				"down": {"uv": [0, 0, 2, 2], "texture": "#2"}
			}
		},
		{
			"from": [2, 0, 2],
			"to": [14, 2, 14],
			"rotation": {"angle": 0, "axis": "y", "origin": [8, 0, 0]},
			"faces": {
				"north": {"uv": [0, 0, 1.25, 0.25], "texture": "#2"},
				"east": {"uv": [0, 0, 1.375, 0.25], "texture": "#2"},
				"south": {"uv": [0, 0, 1.25, 0.25], "texture": "#2"},
				"west": {"uv": [0, 0, 1.375, 0.25], "texture": "#2"},
				"up": {"uv": [0.25, 0.25, 1.75, 1.625], "texture": "#2"},
				"down": {"uv": [0, 0, 2, 1.875], "texture": "#2"}
			}
		},
		{
			"from": [4, 0, 4],
			"to": [12, 16, 12],
			"rotation": {"angle": 0, "axis": "y", "origin": [8, 0, 0]},
			"faces": {
				"north": {"uv": [0, 0, 2, 2.25], "texture": "#2"},
				"east": {"uv": [0, 0, 2, 2.25], "texture": "#2"},
				"south": {"uv": [0, 0, 2, 2.25], "texture": "#2"},
				"west": {"uv": [0, 0, 2, 2.25], "texture": "#2"},
				"up": {"uv": [0, 0, 2, 2], "texture": "#2"},
				"down": {"uv": [0, 0, 2, 1.875], "texture": "#2"}
			}
		},
		{
			"from": [6, 11, 10],
			"to": [10, 15, 30],
			"rotation": {"angle": 22.5, "axis": "x", "origin": [8, 14, 4]},
			"faces": {
				"north": {"uv": [0, 0, 2, 2.25], "texture": "#2"},
				"east": {"uv": [0, 14, 16, 16], "texture": "#3"},
				"south": {"uv": [0, 0, 2, 2.25], "texture": "#2"},
				"west": {"uv": [0, 14, 16, 16], "texture": "#3"},
				"up": {"uv": [0, 0, 2, 16], "texture": "#3"},
				"down": {"uv": [0, 0, 2, 16], "texture": "#3"}
			}
		},
		{
			"from": [6, 5, -15],
			"to": [10, 9, 5],
			"rotation": {"angle": -22.5, "axis": "x", "origin": [8, 14, -4]},
			"faces": {
				"north": {"uv": [0, 0, 2, 2.25], "texture": "#2"},
				"east": {"uv": [0, 14, 16, 16], "texture": "#3"},
				"south": {"uv": [0, 0, 2, 2.25], "texture": "#2"},
				"west": {"uv": [0, 14, 16, 16], "texture": "#3"},
				"up": {"uv": [0, 0, 2, 16], "texture": "#3"},
				"down": {"uv": [0, 0, 2, 16], "texture": "#3"}
			}
		},
		{
			"from": [5.999, 1, -11],
			"to": [9.999, 5, 27],
			"rotation": {"angle": 0, "axis": "x", "origin": [8, 14, 3]},
			"faces": {
				"north": {"uv": [0, 0, 2, 2.25], "texture": "#2"},
				"east": {"uv": [0, 14, 16, 16], "texture": "#3"},
				"south": {"uv": [0, 0, 2, 2.25], "texture": "#2"},
				"west": {"uv": [0, 14, 16, 16], "texture": "#3"},
				"up": {"uv": [0, 0, 2, 16], "texture": "#3"},
				"down": {"uv": [0, 0, 2, 16], "texture": "#3"}
			}
		}
	],
	"groups": [
		{
			"name": "bone2",
			"origin": [0, 0, -22],
			"color": 0,
			"nbt": "{}",
			"armAnimationEnabled": false,
			"children": [0, 1, 2, 3, 4, 5]
		},
		{
			"name": "bone",
			"origin": [0, 0, -22],
			"color": 0,
			"nbt": "{}",
			"armAnimationEnabled": false,
			"children": [6, 7, 8, 9, 10, 11]
		},
		12,
		13,
		14,
		15,
		16
	]
}