{
	"credit": "Made with Blockbench",
	"textures": {
		"2": "Downloads/brass_block",
		"3": "Downloads/andesite_bricks",
		"particle": "Downloads/brass_block"
	},
	"elements": [
		{
			"from": [8, 0, 10],
			"to": [9, 8, 11],
			"faces": {
				"north": {"uv": [9, 3, 10, 11], "texture": "#3"},
				"east": {"uv": [9, 3, 10, 11], "texture": "#3"},
				"south": {"uv": [9, 3, 10, 11], "texture": "#3"},
				"west": {"uv": [9, 3, 10, 11], "texture": "#3"},
				"up": {"uv": [8, 7, 9, 8], "texture": "#3"},
				"down": {"uv": [8, 7, 9, 8], "texture": "#3"}
			}
		},
		{
			"from": [7, 4, 9],
			"to": [10, 10, 12],
			"faces": {
				"north": {"uv": [5, 8, 8, 14], "texture": "#2"},
				"east": {"uv": [5, 8, 8, 14], "texture": "#2"},
				"south": {"uv": [5, 8, 8, 14], "texture": "#2"},
				"west": {"uv": [5, 8, 8, 14], "texture": "#2"},
				"up": {"uv": [2, 8, 5, 11], "texture": "#2"},
				"down": {"uv": [2, 8, 5, 11], "texture": "#2"}
			}
		},
		{
			"from": [7, 2, 9],
			"to": [10, 3, 12],
			"faces": {
				"north": {"uv": [2, 11, 5, 12], "texture": "#2"},
				"east": {"uv": [2, 10, 5, 11], "texture": "#2"},
				"south": {"uv": [2, 9, 5, 10], "texture": "#2"},
				"west": {"uv": [2, 8, 5, 9], "texture": "#2"},
				"up": {"uv": [2, 2, 5, 5], "texture": "#2"},
				"down": {"uv": [2, 5, 5, 8], "texture": "#2"}
			}
		},
		{
			"from": [8, 0, 5],
			"to": [9, 7, 6],
			"faces": {
				"north": {"uv": [9, 3, 10, 11], "texture": "#3"},
				"east": {"uv": [9, 3, 10, 11], "texture": "#3"},
				"south": {"uv": [9, 3, 10, 11], "texture": "#3"},
				"west": {"uv": [9, 3, 10, 11], "texture": "#3"},
				"up": {"uv": [8, 7, 9, 8], "texture": "#3"},
				"down": {"uv": [8, 7, 9, 8], "texture": "#3"}
			}
		},
		{
			"from": [7, 4, 4],
			"to": [10, 8, 7],
			"faces": {
				"north": {"uv": [5, 10, 8, 14], "texture": "#2"},
				"east": {"uv": [5, 10, 8, 14], "texture": "#2"},
				"south": {"uv": [5, 10, 8, 14], "texture": "#2"},
				"west": {"uv": [5, 10, 8, 14], "texture": "#2"},
				"up": {"uv": [2, 8, 5, 11], "texture": "#2"},
				"down": {"uv": [2, 8, 5, 11], "texture": "#2"}
			}
		},
		{
			"from": [7, 2, 4],
			"to": [10, 3, 7],
			"faces": {
				"north": {"uv": [2, 11, 5, 12], "texture": "#2"},
				"east": {"uv": [2, 10, 5, 11], "texture": "#2"},
				"south": {"uv": [2, 9, 5, 10], "texture": "#2"},
				"west": {"uv": [2, 8, 5, 9], "texture": "#2"},
				"up": {"uv": [2, 2, 5, 5], "texture": "#2"},
				"down": {"uv": [2, 5, 5, 8], "texture": "#2"}
			}
		}
	]
}