{
	"credit": "Made with Blockbench",
	"textures": {
		"3": "brass_block",
		"4": "chute_block",
		"particle": "andesite_bricks"
	},
	"elements": [
		{
			"from": [8, 8, 10],
			"to": [9, 16, 11],
			"faces": {
				"north": {"uv": [9, 3, 10, 11], "texture": "#4"},
				"east": {"uv": [9, 3, 10, 11], "texture": "#4"},
				"south": {"uv": [9, 3, 10, 11], "texture": "#4"},
				"west": {"uv": [9, 3, 10, 11], "texture": "#4"},
				"up": {"uv": [8, 7, 9, 8], "texture": "#4"},
				"down": {"uv": [8, 7, 9, 8], "texture": "#4"}
			}
		},
		{
			"from": [7, 12, 9],
			"to": [10, 18, 12],
			"faces": {
				"north": {"uv": [5, 8, 8, 14], "texture": "#3"},
				"east": {"uv": [5, 8, 8, 14], "texture": "#3"},
				"south": {"uv": [5, 8, 8, 14], "texture": "#3"},
				"west": {"uv": [5, 8, 8, 14], "texture": "#3"},
				"up": {"uv": [2, 8, 5, 11], "texture": "#3"},
				"down": {"uv": [2, 8, 5, 11], "texture": "#3"}
			}
		},
		{
			"from": [7, 10, 9],
			"to": [10, 11, 12],
			"faces": {
				"north": {"uv": [2, 11, 5, 12], "texture": "#3"},
				"east": {"uv": [2, 10, 5, 11], "texture": "#3"},
				"south": {"uv": [2, 9, 5, 10], "texture": "#3"},
				"west": {"uv": [2, 8, 5, 9], "texture": "#3"},
				"up": {"uv": [2, 2, 5, 5], "texture": "#3"},
				"down": {"uv": [2, 5, 5, 8], "texture": "#3"}
			}
		},
		{
			"from": [8, 8, 5],
			"to": [9, 15, 6],
			"faces": {
				"north": {"uv": [9, 3, 10, 11], "texture": "#4"},
				"east": {"uv": [9, 3, 10, 11], "texture": "#4"},
				"south": {"uv": [9, 3, 10, 11], "texture": "#4"},
				"west": {"uv": [9, 3, 10, 11], "texture": "#4"},
				"up": {"uv": [8, 7, 9, 8], "texture": "#4"},
				"down": {"uv": [8, 7, 9, 8], "texture": "#4"}
			}
		},
		{
			"from": [7, 12, 4],
			"to": [10, 16, 7],
			"faces": {
				"north": {"uv": [5, 10, 8, 14], "texture": "#3"},
				"east": {"uv": [5, 10, 8, 14], "texture": "#3"},
				"south": {"uv": [5, 10, 8, 14], "texture": "#3"},
				"west": {"uv": [5, 10, 8, 14], "texture": "#3"},
				"up": {"uv": [2, 8, 5, 11], "texture": "#3"},
				"down": {"uv": [2, 8, 5, 11], "texture": "#3"}
			}
		},
		{
			"from": [7, 10, 4],
			"to": [10, 11, 7],
			"faces": {
				"north": {"uv": [2, 11, 5, 12], "texture": "#3"},
				"east": {"uv": [2, 10, 5, 11], "texture": "#3"},
				"south": {"uv": [2, 9, 5, 10], "texture": "#3"},
				"west": {"uv": [2, 8, 5, 9], "texture": "#3"},
				"up": {"uv": [2, 2, 5, 5], "texture": "#3"},
				"down": {"uv": [2, 5, 5, 8], "texture": "#3"}
			}
		}
	]
}